fd827414-7413-46fe-9756-d074278e16fe,Soup Campbells Turkey Veg.,20.82,11.57,2826,BEVERAGE
8def14af-8fcf-440a-ab76-cb845cb7de60,"Yeast - Fresh, Fleischman",18.35,18.49,2152,SIDE_DISH
766a4a12-ea8b-4cfc-a120-bf24d1b15272,Peach - Halves,23.55,13.99,2558,SIDE_DISH
ac71b8b6-753c-44c8-aeb1-301010ef1b6d,Lettuce - Lolla Rosa,47.64,12.11,4487,MAIN_DISH
c3846646-1fe3-4163-853f-996ae3188439,"Trout - Rainbow, Fresh",7.88,19.94,1782,BEVERAGE
6808095f-406d-462e-94fd-10cbd8d997de,"Bread - Roll, Whole Wheat",54.98,17.31,1527,SOUP
c7452ed5-9454-4aea-ae93-5f58037c87e6,Cheese - St. Andre,19.39,15.27,2168,SIDE_DISH
812c5cc2-026c-4b4a-a3a7-49737e8895e5,Cheese - Victor Et Berthold,50.99,16.42,1019,SIDE_DISH
a1ba694b-4f4d-4868-b830-334c47e8472b,Beer - Blue Light,29.22,15.02,171,SOUP
ca7718cd-84fa-440c-8518-eebfac87e48e,Chocolate - White,21.63,13.18,4513,SIDE_DISH
b5e695fb-716d-48cb-bf08-67eaa33d8141,Apricots - Halves,20.62,14.48,3696,SOUP
05f897a4-d572-493f-9aa6-a1c494d1893e,Cheese - Brick With Pepper,11.59,13.05,1681,BEVERAGE
dddde461-e94d-47e0-a387-1ca71c13c4cc,Mushroom - Porcini Frozen,2.97,3.47,1070,BEVERAGE
8cde3eca-9e46-4393-b8af-cfb9968c8556,Chinese Foods - Chicken,25.31,3.9,319,BEVERAGE
96556599-765c-4497-8a7b-55a34505d82f,Rabbit - Saddles,43.26,4.32,3934,SOUP
c736fd70-aa88-48cd-9795-e7fedf96cd40,Toamtoes 6x7 Select,32.11,8.62,399,SIDE_DISH
568e4f30-2cf2-4e25-8da6-865724c7e143,The Pop Shoppe - Lime Rickey,37.37,18.23,1187,SOUP
2bc94657-8968-4ffa-a9c3-def27a4ebb40,Tea - Vanilla Chai,35.75,6.85,1431,SIDE_DISH
ad272786-6c46-4e4f-9982-2e793683250d,Bread Bowl Plain,12.23,11.83,37,SOUP
004f8fcf-672e-4738-aa52-59259700d743,"Placemat - Scallop, White",54.7,6.65,3738,SIDE_DISH
8d8ecff2-6655-4873-8c71-f13890cc17a5,Wine - Casablanca Valley,34.72,3.42,2433,MAIN_DISH
294fee6c-277b-49f2-9011-adb108a0a92d,Capicola - Hot,3.8,3.2,3052,MAIN_DISH
52bc7985-1581-4e30-9162-31088a76c558,Chips - Assorted,58.04,16.21,2374,SOUP
efba9180-6841-4034-9012-1c8bd0816ff4,Sauce - Vodka Blush,46.04,0.6,2328,BEVERAGE
84a6adae-14f6-4862-bb76-074ef54c429c,Bread - Flat Bread,17.85,4.03,2822,BEVERAGE
de7c6c3a-8742-4e65-bd95-34d7fa62e9ee,"Beef - Kindney, Whole",26.93,13.75,4295,SIDE_DISH
38723810-0847-4ad0-b3a2-0b510a670e83,Ginger - Ground,50.88,17.73,1721,SIDE_DISH
cb8f84a7-cd59-4db9-8cb1-648725aa8ed8,Energy Drink Red Bull,12.18,5.77,874,MAIN_DISH
3984276c-a7f5-456b-b710-f16a35afefd6,Beans - Kidney White,13.31,14.95,2043,SOUP
9a4097eb-50ab-4d93-96b6-b3edac7e5e5b,Irish Cream - Baileys,36.76,6.82,129,MAIN_DISH
a6c9ef3d-ce40-40ce-b513-191b00f16e6b,Longos - Grilled Salmon With Bbq,11.31,1.95,651,MAIN_DISH
20473edc-730d-48e4-b68b-210d8a6db352,Cheese - Goat With Herbs,27.5,15.1,4651,MAIN_DISH
7e46aa0a-ed4e-48d0-80f8-d7033df1760c,Tomato - Peeled Italian Canned,41.21,8.25,3685,BEVERAGE
ceb9a837-efd5-48e6-a1ba-e3b718482fcd,Broom - Push,19.02,15.04,1288,MAIN_DISH
01d4630c-80b5-481e-9748-321eb4cd79ad,"Rice Pilaf, Dry,package",56.77,5.92,4063,SOUP
9578d236-5045-48da-86d2-2dd5c3202348,"Yogurt - Raspberry, 175 Gr",51.45,0.21,179,MAIN_DISH
5443dcb1-dc02-427f-98fc-f4a66c977961,Shrimp - Black Tiger 26/30,51.47,8.44,4850,BEVERAGE
a75cbdee-9952-44b5-8138-af75284ef5d4,"Juice - Grapefruit, 341 Ml",48.3,17.54,3731,SOUP
613103a8-65bb-4c5e-9063-bb9415087a5b,Pan Grease,56.17,8.08,3739,SIDE_DISH
819eabf2-efd6-4f1d-9500-99245041659c,Apricots - Dried,49.63,8.54,2424,MAIN_DISH
a102fb89-3df1-48b6-9876-74ac4ae5ea3c,Cheese - Cambozola,35.76,16.24,3780,BEVERAGE
95b226f5-e3c4-4f1f-855f-aecc2d33b44a,Tart - Butter Plain Squares,56.0,1.18,1471,BEVERAGE
18ce04b3-525b-4ced-86e6-8b893b0f482a,Godiva White Chocolate,18.8,13.57,1264,MAIN_DISH
02c15a3a-1827-4fa4-addf-90769d70d989,"Mushroom - Chanterelle, Dry",36.67,15.14,3448,SOUP
f413dff0-d5b8-42db-9c21-f28622134e07,"Soup - French Onion, Dry",8.58,17.43,1123,SIDE_DISH
cfbeba1a-9f6d-4407-9bcf-3ea569909ec5,Mackerel Whole Fresh,36.78,14.76,1733,SOUP
5440c4ca-6373-469b-bbdc-c556e42adaf7,Wine - Delicato Merlot,24.92,9.79,2644,BEVERAGE
2cd9038a-2cd9-4e64-b8a4-3194c6f86dee,Oil - Hazelnut,30.21,12.68,480,SOUP
c344b706-254b-43da-8385-ac25e245d80e,Wasabi Powder,33.83,17.48,3586,SIDE_DISH
c1e83668-f7dd-4608-b18d-aa11715cf868,"Split Peas - Green, Dry",56.02,7.36,652,MAIN_DISH
1df2dd21-bf01-4882-8410-5a78f04ccc53,Shrimp - Tiger 21/25,49.55,19.4,1092,SOUP
9ddd18d7-0d55-4914-90a4-c55fb122a578,"Mushroom - Chantrelle, Fresh",9.72,3.74,2771,SOUP
5c6a2f96-004b-4ee7-9301-edf8bcc617c3,Eggs - Extra Large,35.22,16.89,3105,MAIN_DISH
4496afad-1724-41a0-a79f-21b2d09ec0ab,Cheese - Ermite Bleu,4.8,2.98,4909,MAIN_DISH
305cc0b5-d3f0-4e41-a793-cb845ff5d6c3,Sachet,44.35,16.34,4535,MAIN_DISH
134e8e3f-9976-42a2-a659-89386d2870f7,Lamb Tenderloin Nz Fr,10.61,9.77,726,SIDE_DISH
cdf2bc5b-4de5-4e17-8a0a-9f4669df6c3c,Turkey Leg With Drum And Thigh,0.17,9.25,621,MAIN_DISH
59bcd714-948e-49e6-9656-625348390af8,Muffin Mix - Banana Nut,43.0,11.32,4161,BEVERAGE
a84aae82-775c-4df5-902d-1662e1f55d5a,Jameson - Irish Whiskey,17.05,18.76,2009,SOUP
acafb7fb-82c6-493c-9de1-96faea1f109b,Sterno - Chafing Dish Fuel,39.37,8.39,3128,SOUP
23ebd493-55f8-446d-8406-f215be60cec0,Grenadine,30.63,14.82,2439,MAIN_DISH
420132cf-85cb-48ed-a325-88417ca256f0,Pepper Squash,15.2,17.42,1670,SIDE_DISH
08502eae-0635-45c8-94d4-9a0ccceb7fb7,Table Cloth 62x114 Colour,16.67,11.91,995,SOUP
46c0bd24-e144-4579-b607-9ee027f9e43a,Nougat - Paste / Cream,34.33,12.63,1110,SOUP
65f822c2-f58b-44ea-8890-879b31313668,Pectin,47.1,12.47,4133,SIDE_DISH
a1c4cba5-7c0d-41d9-97d3-67722d673da9,Oil - Sesame,52.33,5.73,2996,SIDE_DISH
940d32b4-0664-45bb-b736-75e65bb8e3f6,Cheese - Mascarpone,16.85,4.3,1206,MAIN_DISH
5ef1b2be-21da-44ae-8b32-d0552411ec85,Foil Cont Round,8.5,2.22,3004,BEVERAGE
540f9f78-1e47-4967-888c-494a57e291d3,Snapple Lemon Tea,48.58,1.92,1571,SIDE_DISH
ee81a6b7-58b8-4109-9d70-15c1599bad10,Cookies - Englishbay Chochip,14.61,15.14,1828,SOUP
c855af07-d834-4db7-b621-b144c775487e,Soup - Campbells Beef Noodle,29.32,18.31,2663,MAIN_DISH
77006093-54b6-4422-bad8-3e0440bdd036,Cheese - Brie Roitelet,42.92,5.21,3300,SIDE_DISH
e2743012-64f5-4ebd-83dd-2a14f196dbfe,Wine - Casablanca Valley,54.31,16.87,1617,SOUP
050194ed-bb35-4751-a650-9c9e42b43fc6,Red Cod Fillets - 225g,47.66,6.31,4612,MAIN_DISH
cecf2a0d-68b9-4357-9fb5-056d50b64ba2,Gloves - Goldtouch Disposable,17.82,14.35,1177,SOUP
952b124d-b523-4ced-8f62-765e26bd0e83,Lumpfish Black,18.14,11.28,2606,SIDE_DISH
c555eebb-56b8-47d1-9e05-cc9c0587f69a,Cheese - Parmigiano Reggiano,3.09,10.03,2551,MAIN_DISH
64aeb406-be83-40d9-88e9-b4aec84e6b0a,Pecan Raisin - Tarts,14.65,15.63,387,BEVERAGE
b32d7e66-62cd-4064-bb54-a47b84298945,"Beef - Rib Roast, Capless",5.53,4.47,900,SOUP
353bb37e-8578-4630-83f9-3a694162993e,Mushroom Morel Fresh,19.03,14.7,2267,BEVERAGE
63e36375-236a-4b9d-bd1b-2d7011b451ee,Pepper - Chilli Seeds Mild,48.4,11.64,4116,SOUP
f29ac924-4cb7-477a-a605-f42845391e5a,Sterno - Chafing Dish Fuel,56.2,18.21,2715,MAIN_DISH
31045cbf-03a8-4ef7-90a6-2ff4204c933c,Walkers Special Old Whiskey,22.25,14.68,634,BEVERAGE
74990d1b-3258-4856-a988-af9112f6ea25,Pepper - Green,34.9,13.9,839,MAIN_DISH
9e153909-e34e-47d7-be28-f64656c1146e,Pineapple - Golden,9.48,2.32,2929,SIDE_DISH
805de129-f67b-4fe2-b7c0-8cfea816dd71,Scallops - U - 10,44.69,11.18,4341,MAIN_DISH
b19cee02-1a28-4889-bd6d-c36ab29d429e,Longos - Grilled Salmon With Bbq,15.11,6.87,391,MAIN_DISH
5327b83d-b609-4402-acae-0e7ed4d890d6,Syrup - Chocolate,41.34,19.63,2195,SIDE_DISH
1d40aeda-4d56-4058-976a-8d27d5137440,"Nut - Pecan, Pieces",5.31,5.38,737,SOUP
3f17033a-ece1-4686-b046-e194bf1afbac,Gatorade - Fruit Punch,38.92,5.83,348,MAIN_DISH
8b06f882-489b-45cd-b2f4-bddbf7eca168,Pate - Liver,40.5,2.4,4262,SOUP
16e30207-2c09-46eb-a144-be4dc345d31b,Wine - Prosecco Valdobiaddene,36.92,13.76,809,MAIN_DISH
6c39ec30-0765-4ade-a5d4-06502f9439b3,Eggplant - Asian,12.28,12.02,4113,MAIN_DISH
a080e7b3-632d-42ac-aaee-f1186c913148,Cheese - Mix,43.37,13.03,3093,SOUP
9c5335c0-d6a2-4864-8d7d-5292e4fd8f00,Tequila Rose Cream Liquor,17.25,1.5,724,SIDE_DISH
7b988e52-1f3d-46d4-853b-5d1e25765a2b,Carbonated Water - Orange,20.85,17.29,875,BEVERAGE
602f77f4-ef2a-42bc-ab36-142e730c5e4c,Muffin - Mix - Bran And Maple 15l,25.51,11.06,3910,SOUP
1dbbeacd-cc2e-47c9-9b65-8c27b90092a5,Garam Marsala,5.61,17.14,2718,MAIN_DISH
d7c78aa1-188a-44f0-a1f2-aa25c0234df7,Soup Campbells Turkey Veg.,58.82,7.26,2802,BEVERAGE
52d7a91e-469e-4bcf-92fe-162cb60896a6,Artichoke - Fresh,18.28,1.47,3713,SOUP
760886e4-7e6d-4327-8173-41ff2d5a83de,Pail For Lid 1537,15.25,15.23,528,SIDE_DISH
e4c0e66b-fae5-46e4-85aa-e5176dec6f9c,Cinnamon Rolls,8.98,11.03,4823,MAIN_DISH
e38ea18e-c02c-46c6-9218-818a2960627a,Wine - Casillero Del Diablo,39.75,0.17,4150,SIDE_DISH
ae45350b-09ae-43c7-a610-64893c54ee7f,Ginger - Ground,45.4,3.98,1459,BEVERAGE
c55ea4aa-f6c0-4342-80e8-9a8afde26bb0,Butter - Pod,20.46,18.48,2142,SIDE_DISH
ffd4c77f-0a54-4d9a-a218-4ea97512806b,Pastry - French Mini Assorted,5.17,1.9,3116,SIDE_DISH
5ba2259d-9d23-42dc-9e82-e97ae492be15,"Soda Water - Club Soda, 355 Ml",58.26,2.24,3229,MAIN_DISH
b4e022e8-a415-452b-97a4-d92e3612aea4,Pepsi - 600ml,58.43,18.14,1765,SOUP
485b3453-5d24-45c7-b739-e4eef8252b21,Cleaner - Lime Away,26.08,11.63,3408,BEVERAGE
4fc7474c-264c-4ebc-9608-610b0da875e8,Relish,12.03,8.69,1589,SIDE_DISH
e990b0f5-4490-494b-a73a-c86dd2850295,"Syrup - Monin, Amaretta",4.62,14.46,4786,SIDE_DISH
5886bddc-4b2c-4107-9be4-ac9891fe0301,Lid - 3oz Med Rec,58.59,1.24,1845,BEVERAGE
4a21bcc7-5719-4d9d-8995-5c0e4dcc49bf,"Bread - Rolls, Rye",31.46,2.23,1675,SOUP
0953878d-55c5-4b87-8d72-6ccf9b83e8e2,Shortbread - Cookie Crumbs,1.4,11.85,2777,SIDE_DISH
e17ee49e-f661-429b-9180-f89d4e8760d4,Steel Wool S.o.s,18.92,15.18,2901,SIDE_DISH
7aa72a5c-76c1-41d3-b79e-552799902995,Shopper Bag - S - 4,2.83,18.94,1546,SOUP
2156a09d-911a-4db7-98d4-79207786b55a,Rabbit - Frozen,2.54,14.23,2792,SIDE_DISH
74aa344e-1c54-4392-be40-7fb979f4ad0c,Island Oasis - Magarita Mix,54.69,9.52,3178,SIDE_DISH
3c18c0bc-2529-4293-8a97-5d628d6bb51a,Strawberries,32.05,13.05,149,SIDE_DISH
708afa09-aadd-45b4-a2bc-67a2bd965736,Oil - Safflower,43.3,16.9,2245,SOUP
33b68c6b-8c18-49de-91f9-ca00cb374cb4,"Bread - Rolls, Rye",54.16,14.5,4481,SOUP
641ab54b-7c27-4c12-b320-28dc202c7daa,"Pork - Back, Short Cut, Boneless",7.76,19.07,4457,SIDE_DISH
10237bc3-a3ad-4277-9414-376b1ee1db8b,Beef - Sushi Flat Iron Steak,37.78,2.2,2634,MAIN_DISH
72d16265-9b04-47fd-bec3-da6c882bfc5b,Sugar - Brown,54.53,2.59,602,MAIN_DISH
bcb67bf8-a910-4d87-bc48-c606f4d7828e,Wine - Soave Folonari,9.13,15.38,2068,SIDE_DISH
0ba3f2f7-2d31-4b38-89f4-947c6ba9a549,Juice - Cranberry 284ml,54.62,7.84,4892,SIDE_DISH
925638f2-ef6b-4207-9ed1-90ff52c8f82c,"Chocolate - Semi Sweet, Calets",45.84,8.3,1456,MAIN_DISH
de75c977-2b5a-4c89-b49e-454dac7a5d29,Wine - Vidal Icewine Magnotta,36.01,3.78,1834,MAIN_DISH
9d5515f0-62c2-4805-9ded-06e71688ff62,Dc Hikiage Hira Huba,8.22,12.41,1088,SOUP
452119af-da27-40f8-8544-0d1734f7958c,Wine - Cousino Macul Antiguas,54.64,19.23,1241,SIDE_DISH
9cc53c2e-1c7f-40c0-bf4f-33276fdb3dc6,Yukon Jack,25.01,19.96,586,MAIN_DISH
ac08ba02-d3ba-4b87-ade1-860ab013e0f7,Peas Snow,21.02,12.84,3339,BEVERAGE
16fc581f-65c2-4900-82d0-45a849673cba,Lid Tray - 12in Dome,39.13,7.51,918,MAIN_DISH
6c803b48-da5d-4698-983e-d93b6751b698,General Purpose Trigger,38.49,7.45,4775,BEVERAGE
7fb77138-94a9-4718-8f5d-0c91eb691d24,"Carrots - Mini, Stem On",9.1,13.22,1035,SIDE_DISH
067fcbee-ae58-4d1e-968b-b4a5db33a07e,Venison - Striploin,34.64,19.42,709,MAIN_DISH
6ea27974-8a88-4f45-b8e7-8f48c852f3ef,Garbage Bags - Black,3.28,17.76,665,SIDE_DISH
66e55e49-74f5-4665-8c87-4c674d935420,"Seedlings - Buckwheat, Organic",23.72,17.18,3005,SIDE_DISH
dd2fe5fc-0499-444e-a9ef-508d33a2ad83,"Melon - Watermelon, Seedless",15.54,17.06,910,MAIN_DISH
18e2a4fb-c03f-4d02-9efc-4315ca6d25a2,"Soup - Knorr, French Onion",19.46,14.94,2714,SOUP
da14c990-0424-48dd-ab9a-7010801b80c5,"Wine - White, Gewurtzraminer",14.79,16.8,2318,SIDE_DISH
87375c2e-9d69-4a49-9a6c-aaee9ac065fa,Plate Pie Foil,47.82,15.59,2383,SIDE_DISH
a10704fa-dcda-4c81-8411-0ced2770261c,Eggs - Extra Large,8.94,5.68,2585,MAIN_DISH
dd7ab20c-0bf1-4963-9caa-d7c4fd83ec5e,Oil - Shortening - All - Purpose,9.77,4.41,4501,BEVERAGE
eeaa6aa7-b2f3-4aed-8ca0-a3e57c1e0cd4,Wine - Alsace Gewurztraminer,8.15,1.07,1096,SOUP
a8bcd24e-c0b4-4ea5-8dee-c1b84360bd50,Bread - Onion Focaccia,33.63,12.1,3515,SIDE_DISH
f4d8a4a2-ae1c-4764-8765-59aa45ddd7f6,Beef Wellington,40.03,13.59,4679,SOUP
07e104ad-7999-4e3b-829a-0ae5bd17061e,"Bread - Pullman, Sliced",24.05,17.05,493,MAIN_DISH
1fc73744-60fd-4bb8-9d86-b8978b9b6716,Spice - Montreal Steak Spice,35.17,5.84,925,SIDE_DISH
15f2a709-dfa1-4406-ae08-2b169acf5401,Veal - Kidney,12.67,16.14,3014,MAIN_DISH
af10c6c5-6da0-4547-9445-95b261e20ae6,Turkey Tenderloin Frozen,30.94,0.25,359,SIDE_DISH
c5ed201c-19dd-4a98-b9a4-ea351b5b8fb6,Cheese - Camembert,2.0,12.36,3887,MAIN_DISH
8b7144ab-b932-4484-b22e-97299595defe,Cheese - Provolone,18.6,14.26,3164,SOUP
7654a2e8-6ec9-4dc3-b4b5-5aff0093a9ea,Smoked Paprika,25.11,1.9,3743,MAIN_DISH
a5fb37b9-589c-4c8a-ae4c-876563091d76,Lamb - Bones,9.32,9.2,2738,BEVERAGE
1e566872-e4e4-4ee6-b54a-e42474e4c117,Table Cloth 62x120 White,20.72,19.56,545,SIDE_DISH
ad1891bf-1011-4662-a046-414cfaf41cfa,Glass - Juice Clear 5oz 55005,10.66,11.5,3735,SIDE_DISH
1a21d5c0-d0f4-447e-8a7a-192d5782691e,Chips - Assorted,17.73,10.76,3588,SOUP
63ec16de-c027-4997-a8a7-7acba3d88990,Devonshire Cream,17.47,18.11,3912,MAIN_DISH
0d3cb97b-6fe1-4e4e-8b8b-24df4d95a9db,Sunflower Seed Raw,57.76,12.22,3107,SOUP
29cea25c-a8c7-4c7f-a6d2-9c4ccd111084,Coriander - Ground,30.63,9.93,435,SOUP
682e300c-96be-409e-b65c-0858307e23f2,"Doilies - 8, Paper",41.85,3.2,2924,SOUP
093e1f5f-6265-4a39-a67c-9090f003c6f7,"Potatoes - Instant, Mashed",47.36,10.71,2567,SOUP
6a8b36b7-f9f5-4706-a8f3-2b827d07fd8a,Wine - Ice Wine,22.39,11.24,910,BEVERAGE
f2073832-18d0-4021-b600-35e04df5a113,Pepper - Chili Powder,50.72,2.19,4936,BEVERAGE
099be47a-bdc0-44a4-b665-11ba7098ea62,"Coconut - Shredded, Unsweet",44.82,18.94,1163,SIDE_DISH
16aef074-af04-4753-b1db-933bf8af294a,Corn Shoots,24.63,9.45,443,SOUP
574960fe-e59e-4ac3-a706-de75a1408017,Cucumber - Pickling Ontario,19.39,17.46,4355,BEVERAGE
1ae663fe-cdf3-4ac2-b47d-e1c0ed091d22,Gherkin - Sour,2.08,12.24,602,MAIN_DISH
8951d575-7396-473c-aaf2-c8db0c957daa,Almonds Ground Blanched,43.85,8.52,1436,SIDE_DISH
d73bfdff-ed3b-4034-a3eb-ef25eb5629ca,"Bread - Pullman, Sliced",36.92,13.4,551,BEVERAGE
d0b1bd50-4735-4a8b-be8b-08a42dbb700a,Flour - Cake,33.13,7.73,1009,SIDE_DISH
b7ca0f83-9371-431a-a94a-9289f3077f25,Wine - Sicilia Igt Nero Avola,16.11,15.12,4968,SIDE_DISH
9b17e110-343f-41d3-9500-1d5eb6a93b27,Butter Sweet,34.39,15.18,2185,MAIN_DISH
cb9ffd43-d570-457b-bc15-2bbe33f9f282,"Chicken - Breast, 5 - 7 Oz",54.43,7.68,3296,MAIN_DISH
1edd14c9-a673-4c6f-9643-32d25cd80fba,Hummus - Spread,20.88,10.68,774,MAIN_DISH
085040ad-675e-47e7-87c2-ef74ebc86696,"Pasta - Detalini, White, Fresh",13.78,0.71,2666,SIDE_DISH
b37295ee-1925-4230-a0c2-45b1205bb1a5,Napkin Colour,1.97,6.09,1533,MAIN_DISH
e1c3219c-a09b-49ec-ba23-e92511d06a18,Truffle - Whole Black Peeled,32.12,15.46,596,MAIN_DISH
81299b84-daf2-41c7-8170-f42a7ba5a8c0,"Quail - Whole, Boneless",20.17,12.14,2502,SIDE_DISH
9740679b-c3fb-424c-a770-13cbc60aa56f,Beef Striploin Aaa,49.93,13.93,4761,MAIN_DISH
ba5a9cfe-7b9a-4a02-bade-56966505932f,Wine - Pinot Noir Stoneleigh,7.81,4.46,4199,SIDE_DISH
ad9aba20-5286-4057-b42b-342fdba0ea53,"C - Plus, Orange",59.95,16.85,2651,BEVERAGE
d090e90f-f6ed-45b4-805e-d1e459308df2,Tart - Butter Plain Squares,24.42,1.44,4577,BEVERAGE
36754906-e7b7-40b6-9b83-49f44b1f51bf,Sachet,40.95,1.31,4487,BEVERAGE
3566534d-ab7f-478c-97af-081c3e6630f3,Cake - Night And Day Choclate,10.2,6.08,4109,SIDE_DISH
a2549230-4a38-40d2-ad62-a16357c67c52,Soup - Campbells Tomato Ravioli,50.55,1.12,3983,BEVERAGE
2bdf9f4b-f048-48d1-8246-7238e0ec05a1,Sping Loaded Cup Dispenser,47.3,17.06,129,BEVERAGE
fb975c7b-c386-4a0c-b2df-00093c447732,Vinegar - Rice,47.22,4.86,4043,SIDE_DISH
8e178f47-011b-4099-874b-8b9e2db9ca80,Juice - V8 Splash,44.35,19.88,500,SIDE_DISH
55f997bd-fde3-42a2-b8c4-bce426ddf15c,Truffle Shells - White Chocolate,50.9,15.37,1573,SIDE_DISH
bc3a366f-8d6c-441a-8b1f-7a472cce45bb,Dehydrated Kelp Kombo,19.06,18.64,3547,BEVERAGE
d4363574-6e94-45f0-a89a-bf789df08f9c,Oven Mitts - 15 Inch,4.73,14.31,2361,BEVERAGE
6f78b794-4e80-4375-a6b8-7439cf9d1dd5,Tea - Grapefruit Green Tea,6.42,7.89,3110,MAIN_DISH
9e70c08e-9c50-49e0-b055-c68658d98d95,"Octopus - Baby, Cleaned",37.82,12.39,2965,MAIN_DISH
72f5d9e0-a6db-498e-a712-3a3c46e39fee,Pepper - Chilli Seeds Mild,55.83,14.93,2684,BEVERAGE
4e2e3d50-9d68-47ef-a5f4-c77a5c343aac,Croissants Thaw And Serve,38.26,15.03,4792,SIDE_DISH
ee7f1c99-7d4b-48e3-9c08-25df68a11f3b,"Soup - Knorr, Ministrone",41.91,5.13,64,BEVERAGE
6c70cd56-cb41-4781-a002-21b34953ba95,Filo Dough,18.86,16.73,2504,SIDE_DISH
80a1593e-c421-4f36-8214-f5f3603ccfaa,Lid - 0090 Clear,26.97,1.32,2332,BEVERAGE
8555635c-41ba-48ce-ba27-f0c96bdc94a1,Lobster - Cooked,59.17,6.07,1752,MAIN_DISH
d2012b97-948b-4a69-9d52-db6affffb498,Star Fruit,15.4,5.19,1510,SIDE_DISH
2eac7e3e-f768-4ad2-b964-0d815876fcb8,Beef - Ground Lean Fresh,20.95,16.56,3310,SIDE_DISH
d5434c73-7112-4cb1-88dd-18bc8eb6f249,"Turkey - Whole, Fresh",0.24,2.03,393,SOUP
50519958-1dc5-49ab-8810-490a05510ad6,Sausage - Liver,3.93,12.45,2162,BEVERAGE
0b93a457-5162-429a-b6c0-31bd947c89c2,Salmon Steak - Cohoe 6 Oz,49.36,9.43,4735,SOUP
fe6c17e4-1538-4c3c-8564-7297d0161152,Crab - Meat,5.91,9.95,4310,BEVERAGE
bf64400b-63d5-4d0c-bd76-4b62466d4102,"Soup - Knorr, Veg / Beef",58.8,14.96,2341,MAIN_DISH
41e33a9e-2505-4913-8727-0ef8b71030fb,Tuna - Loin,14.92,5.83,2254,SOUP
66caa3c1-1e15-4cf9-8d27-e916d2538cd6,Transfer Sheets,57.65,9.56,2924,MAIN_DISH
44ce4da5-ee80-4dbd-a114-421e4df09df2,Tequila - Sauza Silver,36.02,12.54,4801,BEVERAGE
14c08140-ed1f-49d0-8429-bb006271009c,Fenngreek Seed,52.74,9.5,533,MAIN_DISH
19d9346f-1e98-4fba-8f92-1806330a70b6,Garlic,5.58,5.35,4210,SOUP
4d8e660b-7c6f-45de-9642-84b8d1c5c9b3,Tomatoes - Cherry,58.41,19.52,4189,BEVERAGE
16cb2d05-b7ad-4390-bda4-4e3d8f9fb0a1,Beer - Creemore,14.25,1.76,3725,BEVERAGE
a26fddad-ca1d-4efa-95ed-c738fb8a6392,Beer - Camerons Auburn,24.85,5.78,3274,MAIN_DISH
fff53a44-e39b-4aa3-94a4-54b178ada0a9,Spice - Pepper Portions,33.54,17.2,200,MAIN_DISH
eb155bf5-7ae5-455d-89b3-0a7f4cae2d23,Figs,5.83,15.02,3818,SIDE_DISH
357edeaf-6885-40c5-8663-c545f6884382,Pastry - Cherry Danish - Mini,21.31,15.8,224,SOUP
5b14f12a-310c-400f-9002-520db1be97ce,Wine - Zonnebloem Pinotage,56.9,18.67,3125,MAIN_DISH
8506b5f2-1817-4c1b-9ae1-7c254b8a2f30,Sambuca - Ramazzotti,41.39,1.36,2954,BEVERAGE
3cd8ca31-9199-4dab-b7c8-ccee815103d9,Sun - Dried Tomatoes,32.36,10.69,1509,BEVERAGE
e2faa5f7-7b7e-4758-9a14-9f1936c1ddb4,Table Cloth 53x69 White,49.17,3.67,2134,BEVERAGE
ec4b1d8b-eb1a-42f5-b83d-2b14d10cd71d,Hog / Sausage Casing - Pork,7.91,3.23,2935,SOUP
d8ff79fd-6ff6-4412-bc28-64d72c1e0b1f,Garbage Bags - Clear,22.89,13.67,4333,BEVERAGE
854243d0-6a46-4b41-8b3b-b31271356e1a,Pasta - Angel Hair,29.68,2.86,1209,MAIN_DISH
9a8ab714-db11-4d95-bab9-2e05cc786b10,Ocean Spray - Ruby Red,51.99,13.84,3837,BEVERAGE
7806561b-360c-4fb2-b03b-6bf621f5534e,Appetizer - Veg Assortment,12.08,11.97,4022,BEVERAGE
c53d6e49-2b64-43ac-b02c-96f0390791ce,Syrup - Monin - Granny Smith,28.8,2.15,4764,SOUP
7db5a94d-0658-4c6e-bfdd-3cdd3f22c5ab,Chocolate Eclairs,56.61,0.37,895,BEVERAGE
8eee6dfd-2da6-4805-b1ad-8b9371ae40e4,Numi - Assorted Teas,2.59,4.65,3972,SOUP
57874af6-1248-473d-924a-b4da800514a9,Oregano - Fresh,52.89,12.4,1339,SIDE_DISH
a9e3d6b2-ba89-442e-83ee-a9777c29f3cb,Wine - Winzer Krems Gruner,8.53,13.41,4914,SOUP
bb584a3d-38f2-4553-8d7e-dbed438cb1a9,Steam Pan Full Lid,31.55,4.07,3027,SIDE_DISH
e95554d9-7759-4a8f-8e6d-9d7a58c279bf,Shrimp - Black Tiger 6 - 8,50.56,2.41,361,BEVERAGE
daa7d14c-2cc7-4e57-baf5-9ef176865b40,Ice Cream - Super Sandwich,13.42,14.34,596,MAIN_DISH
a883039a-677f-4074-be33-ba5263c1f016,Eggplant Oriental,50.02,6.04,1405,MAIN_DISH
1b37af00-91e4-4e5a-86b4-4246a32ed9e2,Boogies,22.42,9.54,780,SIDE_DISH
35b1aa5f-d799-4e99-9344-a4865422d2ac,Versatainer Nc - 9388,34.11,2.5,2579,BEVERAGE
55eef062-5a0c-4ce4-95c1-cfdbae80c07c,Zucchini - Yellow,26.7,1.94,2388,SIDE_DISH
7d866b3c-ca77-44b4-b1b4-89ce6e882839,Coconut - Whole,32.33,3.99,430,MAIN_DISH
81b0b19d-61fa-4434-bdd6-34397f14d4cb,Muffin - Mix - Creme Brule 15l,28.68,18.01,3292,BEVERAGE
676e0a2d-d602-40bd-bed7-686ad5969b9c,Coconut Milk - Unsweetened,40.52,12.36,2247,SOUP
a9b8647b-9fe7-47e1-b6e9-400fa596ce69,Mcguinness - Blue Curacao,22.86,1.55,1909,SIDE_DISH
c898559d-a6a8-4f5b-8819-8891b284e4c3,Burger Veggie,54.94,10.7,4345,SOUP
b607d734-17a8-48bd-a9b6-537b2d858209,Wine - Cave Springs Dry Riesling,27.87,19.49,2397,BEVERAGE
9e52af0f-2f8d-4855-8f3a-ba4599aa398b,Hot Chocolate - Individual,46.74,14.05,4045,MAIN_DISH
d81c519c-44ac-462f-9d40-db5064daa4a7,"Potatoes - Yukon Gold, 80 Ct",8.69,8.97,1746,BEVERAGE
f9632da0-5758-4707-9feb-8a96fbd00c16,Lid Coffeecup 12oz D9542b,49.18,19.18,2241,BEVERAGE
d219cb46-0d67-4245-9aa3-5308a4f24dc1,"Water, Tap",45.41,12.24,1572,MAIN_DISH
d082d6ef-8a34-45c9-b4b9-2a420d6ac246,Grapes - Red,59.66,1.96,2109,MAIN_DISH
e825da71-aef5-4012-902c-e91aaa920451,Wine - Spumante Bambino White,54.03,16.52,4649,BEVERAGE
9c4c553f-148d-4b8c-8484-d0aea4430dda,Island Oasis - Peach Daiquiri,13.52,14.09,1302,SOUP
aea3fe8c-8150-4dc1-bc5d-d2ded8d3a5de,Chicken - Whole Roasting,13.54,17.03,4351,SIDE_DISH
c15fc26b-c8a4-47dd-8194-695ca0d35dde,Venison - Racks Frenched,0.68,8.35,1493,MAIN_DISH
e5bf18f8-ff0c-4355-98ed-a53877e8811a,Fond - Neutral,5.3,8.78,944,SIDE_DISH
1b39a8aa-6bec-411d-818f-b00dde37ec7f,Tart - Pecan Butter Squares,50.82,3.33,338,MAIN_DISH
2debc57b-df57-4453-9a48-d4ee91893501,Bread - Burger,32.58,17.87,4364,MAIN_DISH
2ab54028-977e-4dd9-84c1-6c2479e47886,Broom - Push,0.92,13.98,4928,SOUP
371d0322-adb4-4681-aa5d-f5bbd70ce694,"Wine - Magnotta, White",41.21,10.5,2781,SIDE_DISH
af2a94ca-2fff-47f3-b47f-3fde10b2e237,"Asparagus - White, Canned",23.57,9.01,2512,SOUP
6d44fba2-3261-49dc-9bf8-434305288bf7,Oil - Macadamia,46.01,6.66,2658,MAIN_DISH
6f14ac46-18b6-4f83-a9aa-154f054d9451,Pop - Club Soda Can,1.85,17.26,3814,BEVERAGE
af8589f2-60be-40cf-a5ac-309cd5cb27d8,"Salt - Rock, Course",16.28,0.62,2260,BEVERAGE
b6336ae2-7816-4ee6-a5d1-e749400649b9,"Bread - Pita, Mini",10.6,18.24,2029,SIDE_DISH
c3e8b581-ef0a-424b-bea3-c14c548661ac,Sage - Fresh,47.21,17.74,4995,MAIN_DISH
b178b2b9-aa58-4dd8-b1dc-3ed15e837d1c,Yogurt - Assorted Pack,5.17,18.59,4274,BEVERAGE
bc06a220-14ae-400e-a2df-253f74f19b34,Water - Spring Water 500ml,57.36,15.4,4447,MAIN_DISH
a0fca009-2390-4ea1-9082-6b0e3449a92b,Salt And Pepper Mix - Black,35.43,17.63,2067,BEVERAGE
a7b03fa6-166c-415d-af33-b0b42c81fe6a,Wine - Montecillo Rioja Crianza,31.99,13.72,2429,SOUP
200e11d7-ef82-428d-b169-e03d4f493e41,"Syrup - Monin, Irish Cream",22.94,1.13,2127,SIDE_DISH
9cf2d0dc-3bc6-419c-894a-3f5faacc4efe,Foil Cont Round,3.91,10.62,2728,SIDE_DISH
ca392fdb-a142-4e15-bf14-55159f1a3df7,Cheese - Stilton,7.31,4.68,4917,SIDE_DISH
261f55c1-66bf-4a9e-9c54-5643d898857f,Lotus Root,38.03,13.1,2318,MAIN_DISH
71c6e678-0c5b-488b-880f-01b95ecbea00,Lamb - Sausage Casings,39.98,12.22,1909,BEVERAGE
b34f64b0-3fb1-438d-ba5c-502031cd4b43,Octopus,52.01,18.95,1161,SIDE_DISH
9dd501b9-b502-4dd4-a90c-80577b83d341,Nantucket - Orange Mango Cktl,12.84,11.21,2947,SOUP
3f72ad0a-4196-4ffb-a819-3edd7d0d7d97,Coffee - Ristretto Coffee Capsule,49.24,10.54,1291,BEVERAGE
74b423d9-c899-49c8-ba01-6f76f87fc66e,Bread - Assorted Rolls,50.58,16.18,4483,BEVERAGE
5d0b7170-db1d-4d4a-8f5f-2fd2ee8b4d49,Sauce - Hoisin,16.87,4.23,2956,MAIN_DISH
73d94867-2d46-486c-b9f2-ad9c5e6a1bb6,Campari,35.52,2.51,649,BEVERAGE
f2f44a5d-0d63-4a1e-923e-397f9a1936de,Mushroom Morel Fresh,17.74,13.14,2454,MAIN_DISH
34b0a30d-baed-451a-94a1-654e5fe0c62a,"Wine - White, Riesling, Henry Of",6.0,6.87,518,SIDE_DISH
dae87d88-17fd-4173-a9d9-e43e46d75f22,Ecolab Crystal Fusion,35.67,8.37,2385,MAIN_DISH
da5cca83-5c66-4aea-8513-3fd691f5ca1d,Langers - Cranberry Cocktail,35.95,0.63,3079,BEVERAGE
5a481878-d226-44ad-b48a-06ebc89499e3,"Tomatoes - Cherry, Yellow",23.09,9.13,2146,BEVERAGE
572eea80-a5f2-43ae-b635-7aba2788567d,Gingerale - Diet - Schweppes,45.15,16.71,1784,SOUP
8994c287-d0b2-4229-919f-0a7ef70d9f4d,Wine - Magnotta - Belpaese,1.11,19.32,1046,MAIN_DISH
6f0f4b55-7bf5-43a4-8659-87fcb02748f8,Beer - Fruli,22.6,14.32,3395,SOUP
503f7b60-c5c1-446c-b606-0666a878c642,"Water - Mineral, Natural",12.77,6.99,4896,MAIN_DISH
57ae4173-dc2c-4767-96d2-07c2346c1988,Passion Fruit,27.25,10.9,1940,SIDE_DISH
9901af28-a4d2-4438-a4b6-ea2a92184e61,Cut Wakame - Hanawakaba,14.97,7.64,1750,SOUP
8a97bab5-154e-422b-8490-6a9e63158bce,Corn - On The Cob,45.56,17.43,4651,BEVERAGE
42f5e794-234e-418e-b215-433fcb5604e9,Pork Casing,39.49,3.86,1854,MAIN_DISH
9b50f84c-274d-42e4-90ad-4b7ddcf4aa4a,Plasticspoonblack,28.38,4.16,2423,BEVERAGE
6b6f8be4-caed-4a02-a5bc-22a84b0ad6e3,Salt - Sea,22.28,7.6,4225,BEVERAGE
c4036130-7a84-45b5-8643-9b8e28b5f7cd,Appetizer - Seafood Assortment,26.34,13.14,2010,SIDE_DISH
6d506871-0d07-48a7-a4a9-390747077add,Pickles - Gherkins,10.96,9.36,1687,BEVERAGE
aadf1d16-2fe0-47a6-b90b-02484dc0322c,Hagen Daza - Dk Choocolate,54.91,4.52,4540,BEVERAGE
a4750bd4-fe90-4cbb-93af-87fb6cdf2da8,Snails - Large Canned,53.09,11.6,762,BEVERAGE
8e2604b4-59f0-4989-9d78-e5cd42e637ee,Coconut - Whole,13.62,18.39,3416,SIDE_DISH
1fe5cc2c-d20d-4b4c-95df-065872291d79,Tea Leaves - Oolong,18.3,1.11,4878,SOUP
c9f88722-be00-44ec-9e29-3d9cade99409,Sterno - Chafing Dish Fuel,45.19,6.97,13,SIDE_DISH
ae40300f-ed40-457e-a3b6-a2b5808fa84b,Veal - Heart,22.72,13.18,1411,SOUP
bc9b4f1b-f522-4764-8139-a8cd4b692b6c,Chocolate - Sugar Free Semi Choc,55.17,13.52,4437,BEVERAGE
2ddd5300-08e8-4b91-a321-5e3cff1ef601,Pur Source,7.62,7.75,2630,SIDE_DISH
dae77fca-311a-4953-a1ee-cd39fddcd395,"Salsify, Organic",15.55,18.58,4904,SIDE_DISH
a6e980f4-808a-49f0-8b68-12a816e3da20,Beets - Golden,4.29,15.07,4436,MAIN_DISH
21be0792-f368-4ea9-900d-0b08e61f3be0,Coffee Cup 16oz Foam,20.7,8.08,2043,SOUP
26f1b904-3596-4828-ad37-b302e2731e3f,"Gingerale - Schweppes, 355 Ml",22.95,0.7,3227,SOUP
eb0159fc-430c-4c1a-b12f-ef725d023fa2,Bonito Flakes - Toku Katsuo,18.01,11.84,559,SOUP
0019c23f-c134-433f-a84f-88c970bb3783,Tomatoes Tear Drop Yellow,48.6,4.22,907,SOUP
ccc10f6c-bb45-4fa0-8f30-e7d513517dad,Cookie Dough - Peanut Butter,17.17,3.86,2162,SOUP
9e9be89d-d30e-4725-95a1-7ee8b68cbd22,Ice Cream - Turtles Stick Bar,30.54,19.2,4655,MAIN_DISH
88e42d8f-db69-4a14-a000-1931726c6189,Corn - Mini,23.58,19.69,1026,FAKE_DATA
c459f452-8a5a-48db-af94-3240891c2717,"Bread - Roll, Soft White Round",50.27,8.74,2893,SOUP
5d77d420-7c1f-4fa7-ae8f-7022188d0de1,Langers - Mango Nectar,18.59,3.44,3235,SOUP
f81461e3-0fc8-4c1b-9a01-ff26ae98f232,Arctic Char - Fillets,24.43,13.54,4221,MAIN_DISH
d4dbf76a-f470-4bd8-8214-c8ddcec619c8,Table Cloth 54x72 Colour,25.98,3.3,3241,SIDE_DISH
3f2fefe2-c774-42f8-a4be-83ab7954d69a,"Rum - Cream, Amarula",11.36,1.14,54,BEVERAGE
f4709fa4-a084-494f-a1e4-bcf4d98cbcf4,Sugar - Fine,40.23,11.72,4226,MAIN_DISH
a2faaefd-1a25-4d1d-b232-9dacb10d851a,Ketchup - Tomato,44.21,5.91,4905,SOUP
347f0be2-043a-470d-8ed2-b7760fc0ebb9,Muffin Mix - Lemon Cranberry,21.79,18.27,350,BEVERAGE
366f864b-e241-4569-a814-290fff98665c,Artichokes - Jerusalem,45.29,15.27,1476,SIDE_DISH
1c5df74f-941e-4831-9e94-6b33a63f1a8e,Mushroom - Morel Frozen,0.16,4.36,851,SIDE_DISH
c2c468a7-1a27-41f2-a8dc-dc050026912e,Crab - Soft Shell,28.47,12.14,3398,MAIN_DISH
3a13c5f1-57d4-4729-baed-85a38980917a,Sausage - Liver,47.86,17.52,1342,SIDE_DISH
c0095cbc-fdc1-4323-9b5f-4977e65304fb,Gooseberry,40.72,9.09,4199,SIDE_DISH
5cd6a6c8-7e98-46f1-904f-9e6c14f87b59,"Cheese - Brie, Triple Creme",5.13,9.63,4789,MAIN_DISH
fa906d2e-a0d2-4873-9555-d1788dc10f10,Olives - Morracan Dired,59.25,4.57,2078,MAIN_DISH
e8d1fdb6-69e5-4c2b-b066-2496be8f84b3,Veal - Slab Bacon,44.68,14.2,3527,BEVERAGE
5e26d6af-57c5-49fd-b947-9a21180759f7,Almonds Ground Blanched,11.66,8.6,758,SIDE_DISH
2e766867-9604-4764-bf6e-30bd8b9cb680,Lotus Rootlets - Canned,18.46,12.67,581,BEVERAGE
b45155e7-fd76-4c1b-96f6-f70e017c74e3,Chef's Lobster,8.58,2.66,1261,UNASSIGNED
39d9351f-855d-482a-b10e-1c84c783319a,Tart - Butter Plain Squares,56.87,0.2,1373,SIDE_DISH
4591011e-7e68-4167-8a0c-1ac42ada9ce1,Soap - Pine Sol Floor Cleaner,1.26,2.2,1423,BEVERAGE
663662a6-cd14-4b80-ae08-634838c883e2,Parsnip,5.96,6.22,2060,MAIN_DISH
853beacf-790a-43ed-9dde-82ea51df5f7b,V8 Splash Strawberry Kiwi,59.63,17.09,659,MAIN_DISH
031c027a-dd8f-47b7-8a5e-6b6a944d8fcd,Snapple Raspberry Tea,56.08,13.43,2960,SOUP
5a67a787-4530-4379-85c3-bb933b62df8e,Chef's Brownies,30.11,15.25,3813,BEVERAGE
23893189-7874-4e36-8907-692b417ac19b,"Pasta - Orzo, Dry",23.92,10.06,3036,SOUP
e49feeb0-7b86-43b1-b35a-bf8513c4e2a9,Lettuce - Treviso,45.26,7.24,1043,MAIN_DISH
b411fcba-f77b-46d0-9577-99bb94ef4637,Lighter - Bbq,39.19,11.21,258,SIDE_DISH
17225ab8-b87d-444f-91ed-c0c753a1963e,Mushroom - Lg - Cello,6.46,3.71,3028,SOUP
d014ea62-fca1-4206-9c40-98cba0f1ed4a,Wine - Casablanca Valley,33.47,11.8,3616,SOUP
fc067aba-11b4-4140-b2e1-31bf8a299849,Dried Cranberries,40.03,17.13,1986,BEVERAGE
56e0b376-ceb2-45b7-b52d-d501f80edaed,Food Colouring - Green,3.59,17.99,1211,SOUP
9f77e4db-3898-4a09-977c-b4d34de6a035,"Pasta - Fett Alfredo, Single Serve",11.32,7.29,3563,SOUP
95bcabe1-f83b-4e9f-a655-bfab3b76835e,"Bread - Bagels, Plain",3.19,9.75,676,MAIN_DISH
bc5341d9-dc21-4fa5-bfd0-5ab60efa6d1a,Corn Kernels - Frozen,31.06,11.04,955,MAIN_DISH
29ee6b00-1f9f-4c4b-aa40-3038d0b241c2,Soup Campbells Mexicali Tortilla,53.23,14.24,480,SOUP
d253be8d-5431-4382-9874-c5ad20950059,Wine - Spumante Bambino White,23.2,1.36,1649,BEVERAGE
9a03ddd1-e65c-4c71-b384-6d3fe8ec8996,Veal - Eye Of Round,29.71,0.71,4024,SIDE_DISH
7279aeff-b4cd-4456-9d14-3ad682bd6f4e,Oven Mitt - 13 Inch,34.84,16.57,727,MAIN_DISH
c52388c6-7756-4f1d-852d-faf960f625ce,Cheese Cloth No 60,38.44,7.48,234,SIDE_DISH
2429715b-157d-4ee4-968c-631a70ebad1f,"Ham - Smoked, Bone - In",28.25,15.01,1219,MAIN_DISH
51924607-fc0f-413a-b5f6-fc4c54e637b8,Broccoli - Fresh,23.84,8.36,3534,BEVERAGE
6cb3e82d-6487-41a3-930b-539c301da236,Versatainer Nc - 888,51.34,8.55,1018,MAIN_DISH
7c44a475-18b9-4d2f-9d24-4f49442fb3ea,Sesame Seed Black,39.21,8.41,4188,MAIN_DISH
6db1772f-5680-4d00-ad27-a34918d8747e,Sprouts - Bean,22.21,2.13,4598,SOUP
2265ff97-7c3a-46b1-9f8e-2f4f0737bc2f,Snapple Raspberry Tea,26.35,5.17,4685,BEVERAGE
82a54e73-481a-4826-808f-332d22ad5794,Soup - Chicken And Wild Rice,5.62,4.55,1593,SOUP
54b99452-19cc-46f9-8c6e-71d8f2671dc9,Appetizer - Escargot Puff,51.6,15.38,86,BEVERAGE
017f1dd9-31a0-4778-bff1-a085ad6c1a01,Energy Drink - Franks Original,30.11,7.71,660,SOUP
64b15986-d7c8-41a5-9fcb-89c134671675,Paper Cocktail Umberlla 80 - 180,7.85,16.39,3172,BEVERAGE
780d1f01-104f-4716-a597-0ddd1acea7d0,Cabbage - Red,6.79,12.29,163,SOUP
8939833e-85a5-4b5c-8dbb-ebb33a581de4,Transfer Sheets,48.56,14.57,1942,SOUP
e5562476-d839-4c52-ba85-d38d012f46ca,"Lemonade - Black Cherry, 591 Ml",30.54,13.46,604,BEVERAGE
4b3f0825-d325-4dec-b02f-fba383475afd,Beef - Tenderloin,19.91,13.55,1694,SIDE_DISH
3d0b9ffa-d6fa-478e-9ee4-21f0fe405f55,Chips Potato Salt Vinegar 43g,3.47,3.3,4648,MAIN_DISH
c7117a18-5b77-457c-80ca-e1cc397afea1,Energy Drink,25.62,16.04,2247,BEVERAGE
19184448-488f-43a1-8ff5-4c2efa90c2d1,Pasta - Cheese / Spinach Bauletti,21.69,12.55,3300,BEVERAGE
a23792c3-d635-419b-a00d-9f93367324b0,Alize Gold Passion,52.9,19.39,1224,MAIN_DISH
d6e85a60-fb49-41a4-85f8-4e66facdc059,Mackerel Whole Fresh,35.63,8.88,1292,SOUP
e08e2704-4083-4f05-b4ec-ec40fb61f123,Food Colouring - Blue,6.14,10.03,2247,BEVERAGE
e0979b45-df80-4a1d-952d-9503c6b449a0,Rosemary - Dry,24.69,6.67,4741,SOUP
aea4f262-0aa7-4408-ae2a-f7b7a865fefd,Flour - So Mix Cake White,6.4,6.78,3722,SIDE_DISH
59312367-6fd0-409f-8e28-af12fe0c852b,Seabream Whole Farmed,5.43,18.06,1515,BEVERAGE
2c39d471-3890-4242-92a9-ecfdbca9ae7f,"Rum - Spiced, Captain Morgan",57.93,17.04,2476,BEVERAGE
0591ab87-702d-49b8-b198-d323e28f4306,"Bread - Pumpernickle, Rounds",43.38,9.35,4680,SIDE_DISH
787c1f8b-5cd8-48fe-bb09-56582d07ed62,Everfresh Products,26.68,11.79,2226,MAIN_DISH
b4eb3be1-6f70-4266-b8f5-cd0840a489ba,Wine - Gewurztraminer Pierre,45.1,18.9,4918,SIDE_DISH
9adcc886-f4d8-456f-a7c4-8f102f045767,Appetiser - Bought,58.36,5.32,4697,BEVERAGE
be8488c5-9ae8-47b9-bd4a-00fea70ff97a,Vanilla Beans,44.15,8.28,2294,SOUP
ec165d7c-c2e3-4612-973c-9976f4d3e58b,Energy - Boo - Koo,55.86,19.59,353,BEVERAGE
071bf8cb-689e-48c5-8778-60c2b47761c8,"Chicken - Leg, Fresh",35.43,6.03,2822,BEVERAGE
11af3fc1-b45b-4f6d-8579-159c611f08bb,Beets - Pickled,9.85,16.54,1013,SOUP
9c54fb61-8f35-4b52-8b3c-468b94088a07,"Appetizer - Mini Egg Roll, Shrimp",25.98,6.62,746,BEVERAGE
e23dc35e-b85a-48da-95ce-53156eb0db75,Parasol Pick Stir Stick,35.91,2.04,1962,SOUP
64227818-8859-4600-8cad-96bee4c03524,"Syrup - Monin, Swiss Choclate",28.17,4.24,3587,BEVERAGE
1347e1ad-35ae-4c6c-b284-c42bb6d32ad1,Sugar - Crumb,46.42,0.6,3798,SIDE_DISH
83db726a-0b11-4f89-be36-40c96fd214b2,Lettuce - Lambs Mash,53.2,15.7,1037,SOUP
3c05070a-0d45-424b-b70e-cb312d457f5e,Vinegar - Tarragon,59.74,17.07,2298,MAIN_DISH
cd4bbc78-bb24-4e46-8a07-1a7da49b8bb7,"Lamb - Loin, Trimmed, Boneless",41.72,18.92,2940,SIDE_DISH
5c3bb017-dfb0-4a66-bddb-2a2c9374e3ec,Pepperoni Slices,15.85,18.33,1343,BEVERAGE
14b49a65-5f5b-46b0-9336-a7fdd3711d26,"Oranges - Navel, 72",32.93,19.13,2441,BEVERAGE
05abf25b-dd4a-4cec-946e-26b4de14b283,Croissants Thaw And Serve,41.13,9.32,2154,BEVERAGE
acfcc5f2-8baf-48ca-bf85-255e9b70c08a,"Beef - Tenderlion, Center Cut",29.66,10.73,2471,BEVERAGE
021418cb-23e5-4192-af0e-f758433f0ac9,Wine - Shiraz Wolf Blass Premium,51.57,10.48,1138,MAIN_DISH
c6b75a33-d666-4107-bd52-482524cd3f63,Tomato - Green,4.16,17.36,1175,SOUP
8c0bef5e-0c92-4a31-bb75-9b252f511da0,Table Cloth 62x114 White,2.43,10.34,4736,SIDE_DISH
9ca5981b-b7d2-4240-a106-61e247ff7ef8,Ice Cream - Chocolate,56.22,10.59,2636,SOUP
b3a8e2cb-dba1-4c4b-b449-a5f4b8e0ddca,Cabbage - Savoy,4.47,12.95,44,MAIN_DISH
b5c8e094-f263-471b-bd0c-ee522062f910,Peppercorns - Green,54.48,0.49,3725,MAIN_DISH
43d07a17-515a-4716-b390-0e2aa1a4ec68,Amaretto,9.57,7.53,2118,SOUP
7ea105f4-646e-4ffc-a959-5166ee987c6f,Corn - Mini,46.08,0.51,3078,BEVERAGE
3a5fa87b-e552-45cf-84d8-14448299277f,Soho Lychee Liqueur,21.17,5.62,890,MAIN_DISH
59a80705-809f-4350-b7bf-5f75f1b6f522,Puree - Raspberry,51.7,16.21,1908,SOUP
ab1a75b1-ea67-497b-8dc8-34c81d2c82ca,Sterno - Chafing Dish Fuel,36.26,7.06,709,SOUP
47174a5a-37a4-4daf-92e0-cf437c837c49,Flax Seed,25.96,9.4,2399,SIDE_DISH
26c86e8a-3cb2-4a69-a07f-20dc5237843a,Oil - Sunflower,10.51,18.12,4936,SOUP
87f56853-cdaf-4726-b1c0-5fb01d8e6e7a,Jolt Cola - Electric Blue,8.01,4.9,329,BEVERAGE
bdf11d82-d135-4232-9be9-7f8b7b08970c,Bacardi Breezer - Tropical,25.22,13.47,3701,SOUP
54603701-c333-4bfd-a10c-802aa4884897,Pork - Ground,15.49,9.23,1039,MAIN_DISH
bc48d5e8-eeaf-497d-a38a-63c9406ef77e,Beer - Molson Excel,35.81,1.77,4517,SIDE_DISH
84a8fcfb-8708-409e-bccf-68ac40f61d75,Wine - Barbera Alba Doc 2001,0.68,13.93,1211,BEVERAGE
c446b189-f3b0-44d8-b572-4aa43b601b30,Creme De Menthe Green,46.5,13.37,3522,BEVERAGE
1ac6e585-2cb1-4b6c-bda1-3cb3d01a68be,Ham - Procutinni,16.24,1.04,4894,SIDE_DISH
3e1c746c-d167-4b7d-aaa5-f74a71fc5a0e,Beef - Short Ribs,54.35,5.93,4388,BEVERAGE
e92c2e35-8349-477a-aa69-95dbe9bfe456,"Sauce - Black Current, Dry Mix",19.37,14.91,282,MAIN_DISH
ef650da5-6fe9-4a56-9dce-d1b01f558c2e,Anisette - Mcguiness,57.69,10.67,3542,SIDE_DISH
4d34d875-7369-42c6-be5a-6d58a76c4bbc,Wine - Delicato Merlot,18.56,9.18,1630,SIDE_DISH
d09028ba-4fdf-4c38-901a-9512fd6b5896,Mountain Dew,53.46,2.14,2860,SIDE_DISH
23032347-67c4-432f-9a0d-f60c3923f179,Sauce Bbq Smokey,0.78,0.47,1584,SIDE_DISH
b5fc8abd-ffad-4b0b-b236-f2f01b4abcc8,Food Colouring - Red,4.19,14.73,1082,MAIN_DISH
29f3cf32-2e0a-4c99-918f-c75551223617,"Tea - Darjeeling, Azzura",43.16,10.73,2769,SOUP
3fbf8d02-a9a8-413d-833a-98ccd72b0a31,"Crab - Back Fin Meat, Canned",15.53,14.7,4035,MAIN_DISH
3cc2be2b-4d9b-4129-9eb4-8fd2b2c16b9d,Yoghurt Tubes,59.56,4.72,2014,BEVERAGE
168b0d7f-1643-4e86-8c11-05aa8536837e,Broom Handle,53.53,10.05,243,SOUP
fd6873db-0097-403c-b7cb-1263974aef93,Onions - Red,24.15,0.66,2191,SIDE_DISH
9db3a5f6-eea9-4061-8684-b8c21aacf85a,Mix - Cocktail Ice Cream,44.09,5.96,812,SIDE_DISH
3f0daed3-8a91-416e-ab3f-993e4ae2aaa9,Lamb - Rack,28.46,13.85,4383,SOUP
ca27a564-86f8-4715-bfbc-415772c09f5d,Sword Pick Asst,59.63,12.89,3659,SIDE_DISH
73822142-73aa-42d6-bbfa-23bd0807ea81,"Potatoes - Purple, Organic",59.63,8.77,1389,MAIN_DISH
3cad0e8a-54cc-495b-98e8-8c7f98642e46,"Quail - Whole, Boneless",50.61,17.91,3615,SOUP
86e4ccda-3d7e-4c05-8628-2b9f9978fc7c,"Chicken - Base, Ultimate",41.83,14.24,1463,MAIN_DISH
34802169-ee50-402e-b27e-f9cd3f0cfbe7,Coffee Guatemala Dark,11.73,6.57,4992,BEVERAGE
70fe5ec8-09db-48a6-958b-0c7d9eca0c7e,"Turkey - Breast, Bone - In",44.18,9.76,1531,SOUP
630687c4-fbb5-44f8-9316-37c7b0265026,Flax Seed,22.98,15.07,3167,MAIN_DISH
5c570c88-95d4-4910-b8a9-b8fb019673ec,Wine - Remy Pannier Rose,40.02,2.96,785,SOUP
ff8efc9a-9c1e-4d93-82a9-f2f2b9d3c3c4,Pastry - Lemon Danish - Mini,29.85,13.78,2496,SIDE_DISH
ea42b3fb-39dd-4726-bc64-85febd3601b6,Sausage - Liver,28.43,15.67,3912,BEVERAGE
8a657651-69bf-4698-8543-000c9274890b,Chips Potato Reg 43g,21.68,19.42,871,SOUP
4778d3c2-d6ab-4213-b231-dd8b30e584a9,Rabbit - Whole,57.74,18.85,2957,SIDE_DISH
8d663548-e6d8-48ad-9d8d-21f9b9a2e26e,Ham Black Forest,21.57,4.78,4344,BEVERAGE
cd9f0b0a-a0b6-468c-8da5-0fadc280fc19,Hog / Sausage Casing - Pork,50.87,8.91,2325,SIDE_DISH
8523fa92-d473-4114-981a-db73b8f832c6,"Extract - Vanilla,artificial",44.64,3.95,1574,MAIN_DISH
edaaffa5-5741-4f95-9994-733274fa654c,Aspic - Light,55.44,8.19,1199,SOUP
aa7839be-0f75-4796-971c-7716a990a2d0,Coffee Swiss Choc Almond,5.0,14.04,453,SOUP
02c59b0d-d234-4e97-ac8b-e4882cc09c0b,Macaroons - Homestyle Two Bit,37.82,18.88,2148,BEVERAGE
407d807b-9c59-4775-8f30-df67acc625d3,Truffle Cups Green,4.43,13.56,965,MAIN_DISH
8646f447-0462-468d-ac35-b754d4103612,"Veal - Brisket, Provimi,bnls",15.17,17.56,688,MAIN_DISH
fdf67b67-43b2-436b-a964-c7546a797d3e,Wine - Chablis 2003 Champs,31.9,0.69,4360,SOUP
a3ed044a-2abe-40ae-93d7-02de763b3436,Pears - Fiorelle,42.49,1.23,4996,SOUP
eb68054a-91d4-4e8e-b9f3-bc9238246d24,Wine - German Riesling,32.31,5.11,1780,SOUP
542edf5e-e377-4e98-a55c-690f4d8b5763,"Chestnuts - Whole,canned",36.42,14.1,4274,MAIN_DISH
e4d6fd5f-3451-4ec3-9d19-abb5594959d9,Garam Marsala,32.46,12.42,1432,MAIN_DISH
c0f0eede-66e5-4714-bef9-ff4cfab1f9e0,Wine - Charddonnay Errazuriz,19.37,15.38,1761,MAIN_DISH
ed1b3a6a-ef09-4d21-ba49-0f481aaa164a,Fib N9 - Prague Powder,3.11,16.21,1802,MAIN_DISH
249565cf-389c-426c-aefe-8bf5c22b48df,"Carrots - Mini, Stem On",1.22,10.11,3625,MAIN_DISH
a4a238ba-58c7-489c-97aa-bf1350f35639,Versatainer Nc - 888,3.67,3.77,4899,SIDE_DISH
fe967e29-3c85-4a13-889d-d92b64caf900,Sauce - Balsamic Viniagrette,51.7,3.0,1906,MAIN_DISH
4ad93e5d-2e5c-4b8e-bbb1-f28bea4a843b,Ecolab Crystal Fusion,0.53,19.1,1838,SIDE_DISH
e4788f18-84e6-42e7-9198-fcc49f1cc298,Garlic Powder,51.12,16.41,4944,SOUP
d0537b32-22ef-40e7-af8a-e0d16c678274,Shortbread - Cookie Crumbs,53.59,12.8,76,SOUP
f31de07d-099e-4f43-a326-38b1d4e8068e,Mortadella,58.05,6.24,2242,SOUP
cf4c78a1-52a6-4e73-af77-8c68b0748965,Island Oasis - Ice Cream Mix,24.93,9.0,1619,SIDE_DISH
1e31fdcc-996d-4d20-bba4-0d6e3948fde0,Blueberries - Frozen,9.73,5.04,2464,MAIN_DISH
2080c33b-f6a5-452a-9c20-c6e4090db068,Curry Paste - Green Masala,59.53,2.76,4352,SIDE_DISH
6a485d29-22f7-46db-a6a0-54cbc3238444,Lemon Tarts,39.57,1.34,689,BEVERAGE
5b3bb180-d5f3-445b-9698-6e6cfeacfd7d,Tea - Mint,23.41,13.93,1317,SOUP
7546dbce-072b-4c39-b156-fd6f254e291e,Dehydrated Kelp Kombo,44.63,5.41,2042,SOUP
7eea714d-261f-4abf-a721-ec141605cc66,Instant Coffee,53.0,18.33,2422,SOUP
a85e8b9c-bdd8-4046-898f-e1140fdf8f5c,Salmon - Sockeye Raw,44.09,19.45,162,MAIN_DISH
4d95feed-6132-4a5d-b26d-de7ae8138044,Parsley - Dried,1.05,18.6,4154,MAIN_DISH
61186fa4-814f-4cb3-8205-0e488478e051,Bar Nature Valley,7.73,18.57,2520,BEVERAGE
8ac87be3-2ede-4554-956c-b738af5a3055,Bandage - Fexible 1x3,23.27,10.47,22,SOUP
05e0c1c4-338e-4915-959d-0638efae15b3,The Pop Shoppe - Root Beer,30.72,12.78,2106,SOUP
AAAAAAAA-AAAA-AAAA-AAAA-AAAAAAAAAAAB,DELETE TEST
3e2e55f0-7875-41e7-a971-6685f6ceb245,Cake - Cheese Cake 9 Inch,8.97,18.63,3163,BEVERAGE
9fc34bc7-1e89-4cbb-8fd2-99ac203356db,Paper Towel Touchless,9.62,3.63,2429,BEVERAGE
2a960c4d-d989-4b3f-ba27-838fd9e5af7d,Syrup - Chocolate,15.47,19.13,1556,BEVERAGE
8cde4d59-a198-456c-9ad0-662fb2727638,Bouillion - Fish,35.75,12.86,3342,BEVERAGE
90e65be8-ea18-4f10-ba61-eac106499161,Pike - Frozen Fillet,53.5,1.4,3656,SOUP
8f153f7b-ca2f-465b-b465-6c1dfebd912f,Cabbage - Red,0.31,7.12,4382,SOUP
3148a5be-a780-4d94-bf1b-068d31bc5fc7,Sherbet - Raspberry,25.95,2.06,1001,BEVERAGE
af9ae171-e70f-4b87-ae7d-591b1a3181cc,Jolt Cola,44.1,17.3,2709,BEVERAGE
95a25145-5231-45fe-87ab-25eb1383ac2a,Bottom of the Sea,27.93,8.08,2327,SIDE_DISH
71448d5e-eed4-4d96-ba36-21751e90475c,Pork - Suckling Pig,18.54,9.77,2996,BEVERAGE
249791a4-2b2c-4c57-b7bb-8c29e1ac84c0,"Fish - Scallops, Cold Smoked",58.38,17.24,2778,SIDE_DISH
4597bcd7-0c84-4d1c-a804-da7cb09fa5b5,Wine - Alsace Riesling Reserve,29.67,12.57,2948,SIDE_DISH
f0f6a231-693e-4c23-a0f2-61abaabaf6a2,"Olives - Green, Pitted",50.05,9.24,2457,BEVERAGE
e2419168-f333-4587-9af4-92f045a52839,Silicone Paper 16.5x24,58.33,4.01,4972,SOUP
f9c211fe-449b-496e-ac9c-7edb9b15186b,Wine - Jafflin Bourgongone,33.35,2.0,121,BEVERAGE
5cdd694e-e862-423c-8d71-f1f83159e8d7,Oil - Hazelnut,49.78,8.78,2172,BEVERAGE
849f4148-2586-4918-b857-3fdce9aacf2e,Beans - Fine,38.36,19.11,460,SOUP
42c976d2-9183-40ac-aaf0-a2298a9b2cd5,Pork - Backfat,14.76,18.71,481,MAIN_DISH
320dbf16-bcaf-4c41-8b1c-1b7b98205601,Carbonated Water - Orange,54.99,1.44,1571,MAIN_DISH
44c9471d-398d-4d16-b059-f5a0c88d256e,Lighter - Bbq,56.76,8.48,76,BEVERAGE
d3241448-157a-4f37-8436-45e9bb6fbf27,Truffle - Whole Black Peeled,53.61,17.48,990,SIDE_DISH
3d8a1200-039f-4050-a59f-82104a422580,Pepper - Chilli Seeds Mild,41.83,0.21,3003,MAIN_DISH
e3a50d9c-6867-4637-bc04-4e134499bea9,Gatorade - Cool Blue Raspberry,12.06,5.5,3872,SOUP
b10dd7c0-bbe4-4bec-a2f9-7ddce34985d3,Wine - Jackson Triggs Okonagan,32.51,14.22,523,BEVERAGE
4ff7be41-a046-451c-b08d-4714474ab4c4,Bread - 10 Grain Parisian,42.86,7.59,3420,SOUP
9e0ce02d-44ec-4e33-b398-f4512de828de,"Juice - Pineapple, 48 Oz",23.37,12.46,1150,BEVERAGE
6f2aaebd-cd89-4051-b3fe-cfdcb128fc74,Beef - Striploin Aa,34.34,0.29,3174,SOUP
cf0be251-8fbd-4ee3-8978-e084b5e677c1,Wine - Casablanca Valley,4.52,17.4,4079,SIDE_DISH
bd03b583-2c3b-4efd-94c0-b162d6ae2702,Wine - Clavet Saint Emilion,35.81,6.17,3575,BEVERAGE
010d2724-ad15-487d-8334-a5aa295a9327,Salt And Pepper Mix - Black,23.52,0.01,1604,BEVERAGE
4484e6d9-e893-4538-a69b-847c042fc994,Tea - Decaf 1 Cup,51.89,16.48,3404,SOUP
41f08910-0699-4c65-8602-7867ae500a3c,Juice - Orange 1.89l,6.1,11.51,2366,SOUP
e5364bc6-0e57-4a83-9f95-18dc44310580,Longos - Penne With Pesto,21.71,6.65,1825,SIDE_DISH
c30fdeca-5a9a-4d50-a211-48c75babda6e,Ostrich - Fan Fillet,50.08,1.42,4787,SOUP
a9709233-57e1-4758-9fe8-a9efe544c18f,Southern Comfort,4.48,19.77,1731,SOUP
556c95b6-9dfa-45e9-80aa-122e0130261b,Chevril,4.41,0.28,2711,SOUP
fe173494-707d-45cc-b3c4-24bcf9d70376,"Soup - Knorr, Chicken Noodle",1.19,8.98,4762,MAIN_DISH
7f426d2b-7dd9-4dc2-8b89-057149be86ee,Lobak,24.86,11.6,3691,MAIN_DISH
41f8ce34-69e4-4b4b-a7c4-ac2e84cef707,Devy Jone's Brownies,50.82,6.67,1274,SIDE_DISH
ef9c90d6-2908-4893-a216-b0b6552aa4a5,Yeast Dry - Fermipan,1.05,14.57,1384,BEVERAGE
90bcf3c3-c93d-4571-9081-7ab6c9f314b1,Lettuce Romaine Chopped,10.34,12.92,1516,SIDE_DISH
a5e949e8-1791-45a5-bee3-2fa49f37167e,Sprouts - Bean,44.8,13.78,3678,SIDE_DISH
e780dd33-53ad-4c92-af1e-39b95064826a,Cheese - Feta,13.57,1.18,2524,SOUP
81181467-50bc-44b3-acf1-5425756bbae2,Flour - Fast / Rapid,46.54,1.88,3609,SOUP
3ec59979-2029-4d58-83a7-6f75aa3a1fd1,Flour - Whole Wheat,30.93,17.54,3112,SOUP
6d3e4751-47da-4e1c-9c59-9f345399a763,Latex Rubber Gloves Size 9,6.52,14.57,4022,SOUP
15d15f86-8af3-4758-ba5e-44251267d052,"Butter - Salted, Micro",13.98,13.53,2241,MAIN_DISH
cf53ef93-8f39-4119-a78b-d52220cd11a9,Lettuce - Frisee,40.94,12.28,2783,SOUP
f569204d-4227-4eba-916a-5ecb8bcf8bc1,Myers Planters Punch,56.07,13.84,970,BEVERAGE
18871d4c-444f-45a8-914d-fabd56538c4c,Glycerine,37.79,9.56,1883,SOUP
f487419d-ecd3-48fc-9dfd-68f75db8943c,Wine - Puligny Montrachet A.,38.62,9.79,3380,MAIN_DISH
491a99f3-d8d0-4987-bbb6-c22ee3fe839e,Truffle Cups - Red,1.6,0.91,3337,SOUP
ut4kb54c-kc8k-t7je-refw-id7562d38y7e,Triple Stack Flaming Cheese With Lightly Roasted Peppers
jg2030w5-e126-1l55-587a-ht2h66hbjqs2,Devy Jone's Bacon Sandwich
67efybl6-e60p-85m8-7o2i-v2l66h3b8844,Chef's Bacon Sandwich
8mo88uyd-c44k-lq8t-47fs-3jvl6326ec14,Mysterious Droppings
79fcf9e6-5d99-48d9-b72a-99e0e0ac73bc,Energy Drink,20.2,12.16,4733,MAIN_DISH
f55e1682-6987-48bb-98fa-eb91bbe9aa09,Chef's Soup
46d0a11b-c991-4855-877a-3c6f02be36ac,Dehydrated Kelp Kombo,45.06,15.8,441,MAIN_DISH
72be8916-99cb-48f2-9e6e-a4bc5b97f03f,"Fish - Base, Bouillion",49.74,5.9,1553,BEVERAGE
e3ee2930-7582-41a9-9ce4-722fa921fab5,Wine - Dubouef Macon - Villages,26.9,14.0,3072,MAIN_DISH
59276c1a-22ec-4609-9177-b63bacedace7,Truffle Shells - White Chocolate,8.12,4.34,3641,BEVERAGE
e02fada9-3b56-4603-8604-c6a3e934e36b,"Lamb - Leg, Diced",31.78,18.79,2137,MAIN_DISH
8657ed9b-b8d6-4364-9176-e5964e075b5c,Table Cloth 53x53 White,12.41,19.95,2871,MAIN_DISH
0ce0a071-cf4d-45bb-a159-f810c3e97f77,Squid - U - 10 Thailand,51.43,16.84,1293,MAIN_DISH
234cd00f-ee96-4136-951e-a6f1b9814b9a,Oil - Sesame,50.64,4.77,4230,BEVERAGE
c8cc9551-b519-4937-b565-4a78e1dcd3e8,Tandoori Curry Paste,13.71,19.88,3806,MAIN_DISH
ec0b0d28-992a-4390-884a-9a4d02a9cab6,"Chilli Paste, Sambal Oelek",27.08,6.66,4405,MAIN_DISH
bfca7ff1-9c4e-4f09-a768-49e0e38490cb,"Turkey - Breast, Bone - In",44.34,17.06,1321,SIDE_DISH
fb67a76b-e73b-4702-a96b-bdad3fe62b83,Coffee - Decaffeinato Coffee,9.86,4.45,1293,MAIN_DISH
932d88ca-569f-471d-8845-6199a00dd80c,"Carrots - Mini, Stem On",28.03,9.72,2736,SIDE_DISH
d83a174e-eac2-4080-b1cb-3703c1c049e9,Pepper - Red Chili,41.86,9.97,3399,SOUP
423de76a-4489-4641-89f2-c7801a2c9a2c,Gatorade - Cool Blue Raspberry,33.81,8.72,870,BEVERAGE
7711f850-f01a-457e-a91c-e5e9801487fc,Sauce - Demi Glace,51.45,4.28,2817,BEVERAGE
f14efd4a-108d-4b5d-9d37-4871ee320de2,The Pop Shoppe - Root Beer,10.31,0.64,1061,SIDE_DISH
4e8041d6-a87c-4b22-b7e0-d8a31f0ff80c,Appetizer - Veg Assortment,36.8,8.75,1859,SOUP
54671a0e-46ee-456f-b937-a7c28f622c7a,Ginger - Ground,43.41,3.03,2579,SOUP
5bcaa513-b885-490e-ac3e-28ee16017871,Bananas,22.87,3.28,1952,MAIN_DISH
0cf6eb63-3ee2-4539-8882-94633903bc47,Longos - Chicken Wings,29.93,5.55,2498,SOUP
8d172a96-80ed-4931-af2e-adf0320f1619,"Pepper - Julienne, Frozen",26.41,9.8,3450,MAIN_DISH
928bd038-6128-4cf7-acc8-5eae5f1601ab,Beef Ground Medium,23.45,6.06,4357,BEVERAGE
18f142be-f82b-4ea9-adee-36ff0341c0a6,Energy Drink - Franks Pineapple,15.54,11.73,4019,MAIN_DISH
300a0138-2061-43b9-a998-01773dbf4f2d,Beef - Striploin Aa,26.05,15.28,2292,BEVERAGE
0757f025-e1e5-4d46-bf23-ff7d2cb17463,Mayonnaise,0.5,6.29,2216,SOUP
04ebaa18-4a15-4025-891e-99d7f30839f6,Crush - Cream Soda,0.37,1.33,1694,BEVERAGE
20a6093c-dbb3-4aa8-bf18-01b6b066f99c,Appetizer - Escargot Puff,31.86,16.96,3513,MAIN_DISH
c92751f0-eac5-462e-a21d-8f27c8bfd7e9,Soup - Campbells Beef Strogonoff,48.18,3.24,1215,SIDE_DISH
970bfe5f-21c6-4472-bd3f-ac73a43c4e61,Sunflower Seed Raw,52.42,8.81,441,SIDE_DISH
e40b12c3-702f-46d8-b7f8-5c05d962821e,Compound - Strawberry,33.17,4.72,4851,MAIN_DISH
284808e1-4d36-40cf-aa92-9560e2ca0abd,Chip - Potato Dill Pickle,12.71,18.96,3327,BEVERAGE
488dfecb-7a87-4811-9612-9ebef8cb1ef0,Soup - Campbells Chili,18.82,12.56,4519,SIDE_DISH
66f808d9-58f6-4577-8801-132a487742dd,Muffin - Banana Nut Individual,37.1,14.53,1089,BEVERAGE
a64565d7-a2ef-4568-967f-658a94f18357,"Lentils - Red, Dry",41.09,0.16,4766,SOUP
5288a5b3-ec69-4b61-853d-6d3ad9af546f,Wine - Dubouef Macon - Villages,19.66,10.39,1750,MAIN_DISH
1dd2a3bf-1518-4c6d-a3da-2039e29a7202,Cardamon Ground,26.27,14.86,3582,MAIN_DISH
e5bb0c1e-13d4-4f07-ab42-cad0b63254c0,Rice - Brown,58.74,5.2,4883,SIDE_DISH
fa7cc2a5-6672-45f0-9fad-ac1834ff4d2e,Chicken Breast Wing On,54.11,7.1,1058,MAIN_DISH
afd9bb85-7db1-4597-bda9-2dbcbb2ba13b,Milk - 2%,34.28,15.79,4309,SOUP
a5190c15-e25c-4ea4-8ac5-47fa5f40b3d0,"Brownies - Two Bite, Chocolate",33.07,16.5,2451,MAIN_DISH
c2eda30d-43d3-4fbb-a1a1-a21d1e20b13e,Stainless Steel Cleaner Vision,33.25,4.92,1143,SIDE_DISH
bfd6fc0c-3b67-4f67-83cc-d0bc788aa059,Pastry - Chocolate Marble Tea,47.75,8.3,1800,MAIN_DISH
4cea8c29-e556-440d-8ad4-dac432d3dc42,Waffle Stix,37.43,12.53,3531,SOUP
fb3b4ffb-e12c-43f7-b44c-4c15ea67c41e,Dooleys Toffee,14.82,9.54,1224,SOUP
edac866c-cdd1-49ca-af89-909581a79ed0,"Lemonade - Mandarin, 591 Ml",20.22,18.56,3694,SIDE_DISH
7d31e1f0-4425-4e0f-a58a-ad579d18076a,Toamtoes 6x7 Select,20.28,3.13,4526,MAIN_DISH
69e8a7ad-86ca-4dd4-bc6d-8401163a88e4,Spinach - Spinach Leaf,23.01,18.79,54,MAIN_DISH
33297064-fc6d-413b-a9b8-c598c0573e47,Lettuce - Iceberg,44.91,7.99,3424,MAIN_DISH
bcbd1a6e-71ec-4abf-a1c8-1a9ea5f2b423,Pork - Belly Fresh,6.77,2.13,3468,SOUP
33f176ce-61eb-4db7-9d5b-57a78270540d,Kaffir Lime Leaves,9.45,15.44,1869,SOUP
ca04caf9-489f-4adc-b83d-b858208bd0fc,Salt - Seasoned,9.17,3.17,4026,SOUP
ce62777f-9408-4d5e-a326-2f5196009441,Lamb - Shanks,4.06,7.84,3229,BEVERAGE
8fbd0173-094f-45c1-b877-e924baf69fe7,Appetizer - Asian Shrimp Roll,33.47,6.8,1911,BEVERAGE
d3dc46dc-806c-4611-b864-6f2bf81b6c80,"Tortillas - Flour, 8",15.72,12.21,4946,BEVERAGE
f8b11c83-c693-4ff7-8e4f-db5b722a0df3,Squid - U - 10 Thailand,32.15,0.59,681,SOUP
6d9615bd-d740-44cd-8193-a3666bc01acd,"Pasta - Tortellini, Fresh",33.85,1.51,1700,BEVERAGE
9281c5b1-548e-4920-bd2a-3940f2f2311b,Wine - Manischewitz Concord,50.91,1.43,687,MAIN_DISH
c6383aaa-e021-47c5-b195-9b1093f98502,Sauce - Hoisin,23.12,3.11,323,SOUP
77f20ded-1d63-494e-93f2-59dbd96e3054,Rabbit - Saddles,32.37,18.67,113,BEVERAGE
c0dd11bb-b239-4819-89b0-ac16bf5d537e,Liqueur - Melon,27.24,4.36,1713,SIDE_DISH
48336b1a-6c16-4d4a-85f0-d340659c3647,"Club Soda - Schweppes, 355 Ml",42.73,17.92,339,MAIN_DISH
18fa59c6-de26-4b6a-b70d-071904ffab0c,"Beans - Black Bean, Preserved",48.4,12.4,2892,BEVERAGE
900c0298-b3ca-47dc-bc4b-730c18d2e1bf,Wine - Cave Springs Dry Riesling,58.24,18.3,962,SOUP
1aca4e0b-b7d2-4729-9ba0-feed4a244223,Cheese - Ermite Bleu,24.07,10.2,4250,SOUP
7efe1108-525e-4396-bb03-d4c510aef4c4,Oil - Sunflower,5.45,11.44,160,SOUP
51323b94-be46-4ec8-af77-eba968422495,Lamb - Bones,15.37,14.38,4230,MAIN_DISH
1c5159f0-910f-4b00-a211-1e2cfa8044d4,Extract - Lemon,47.95,15.86,4075,SIDE_DISH
db9ebae1-2136-4b09-8725-52adc6f76689,Thermometer Digital,59.06,16.64,453,MAIN_DISH
f2666358-0df4-44f9-83cb-f629b8eef1f6,"Soup - Knorr, Chicken Gumbo",55.51,13.54,3860,SIDE_DISH
28ed1093-f4c5-466a-a3f0-2469fd774344,Lamb - Shoulder,13.92,9.17,2554,MAIN_DISH
6af53a25-4f16-4a3c-bc9c-d08b4792c249,Plate Pie Foil,41.48,0.56,880,BEVERAGE
334dd7ba-c450-4e96-8f95-7ba13c76f5e3,External Supplier,15.91,18.15,4041,BEVERAGE
f5647a6a-7e35-496b-9bcd-e25fd61040bc,"Basil - Primerba, Paste",43.88,2.31,3815,SOUP
a472f199-aaa7-4491-b243-9d7174923fe0,"Lamb - Loin, Trimmed, Boneless",19.05,2.19,3277,SOUP
1a395d42-7830-47e5-aa86-7d36e03d3a1a,Worcestershire Sauce,38.08,15.04,1617,BEVERAGE
8ad10cd5-21db-42a6-9c18-19d824e86217,Celery Root,2.7,5.05,4983,MAIN_DISH
65294ba7-4dd5-49c2-8051-538f9b8f7357,"Coke - Classic, 355 Ml",32.88,13.57,3585,BEVERAGE
42bf51aa-29f9-4972-b47e-8d94a5364690,Bread Crumbs - Panko,35.01,19.7,22,SOUP
d92f89a7-7544-45aa-85ee-a8fd2cdfc3c7,Wine - Casablanca Valley,13.93,12.29,4026,SIDE_DISH
9e3a143e-9265-4400-9146-40e6e2938d9f,French Kiss Vanilla,25.79,1.27,1723,MAIN_DISH
128bf212-a99f-43f6-a81f-ad24fe4e3296,Icecream - Dstk Super Cone,17.17,1.55,4897,MAIN_DISH
34fc3b7b-ade1-43af-8e48-6fe3cce639fb,Cookies - Englishbay Wht,53.61,5.62,3804,SIDE_DISH
0b7186ad-8d1a-4f0d-a6ea-c5f59506c0c2,"Turkey - Breast, Double",21.58,10.21,98,SIDE_DISH
f82d28e7-fd34-440f-a119-39fd3ef78bbf,Peas Snow,19.55,12.47,4953,BEVERAGE
dfd9ec30-9134-4f83-9116-45651bdfc9d9,Wine - Rosso Toscano Igt,21.32,7.55,789,SIDE_DISH
aae3dab9-4abf-45dd-bf77-7c88b691e399,"Nut - Chestnuts, Whole",41.99,13.48,903,MAIN_DISH
dc845ca4-1640-49dd-be20-97dd75b08b22,Vanilla Beans,26.25,14.12,3268,BEVERAGE
19a9c822-2c93-4e93-8896-5593fa31dd10,"Pasta - Cappellini, Dry",25.53,10.78,3784,MAIN_DISH
3958a67c-2032-4774-9fce-bb5f2ad8a0e7,Tomatillo,16.31,18.72,1420,MAIN_DISH
e4c10bc4-7ec7-4d9d-a83d-33bd0ada9a65,Admiral's Bacon Sandwich,51.27,2.28,489,MAIN_DISH
4231f0d1-2904-49b4-917d-e94c69b93d4d,"Soup - Knorr, Chicken Gumbo",26.0,18.46,4711,SIDE_DISH
b3eff910-4554-429b-bd94-df1b0fa737ef,Beer - Labatt Blue,21.39,11.83,3996,BEVERAGE
c768ebd6-eefb-4494-b153-e3aa6bb6bac2,Hold Up Tool Storage Rack,38.42,7.24,3940,SOUP
415b10fa-6d52-4ac8-a435-607913cb41da,Mayonnaise,37.13,12.99,2117,BEVERAGE
cf019033-ccee-4cc2-9889-1189b8e3f0c0,Syrup - Chocolate,48.46,10.14,4079,SOUP
98ec6466-3792-49ae-97ca-572796e959f3,Ham - Cooked,23.17,0.23,3376,SIDE_DISH
7730a9f1-25c4-409f-b1e5-862cc41d28e4,"Bread - Sticks, Thin, Plain",27.32,1.96,2229,MAIN_DISH
5c26a477-6c20-43ad-bb4d-ef1629581ece,Beets - Golden,55.16,13.22,1759,SOUP
5102230a-a1b0-4f2f-a6ba-f65dbb59600e,Vodka - Moskovskaya,41.3,10.02,4792,SOUP
f502ac71-567c-4a3d-ac4b-d354ab94c5f4,Muffin Hinge 117n,1.06,9.47,1553,SOUP
f252ccf2-b95b-4a10-801a-143e68de7f11,Soup - Campbells Beef Stew,9.45,17.88,3441,SIDE_DISH
001cf5ef-8a84-4908-ae73-e2ae400b262b,Wine - Clavet Saint Emilion,52.8,19.89,1688,SIDE_DISH
e6e5ed04-a284-4ba1-97b9-c9f1fe929189,Grapefruit - Pink,55.77,3.9,124,SOUP
df00c35b-df7c-4395-812d-d094c344f9ed,"Vinegar - Balsamic, White",15.15,7.54,247,MAIN_DISH
442cce80-1b4a-4ba8-9a30-bdb10f469ad6,Chips Potato All Dressed - 43g,44.45,8.34,3114,BEVERAGE
3aada5b8-2ec5-4161-a47d-40fca0ee15df,Ecolab - Solid Fusion,32.04,7.82,4445,SIDE_DISH
c3dbbfe6-7138-4bef-991c-cc8e0da39fa9,Lemon Pepper,4.28,7.82,640,SOUP
b3440f0d-67b1-4494-bd22-4a585e9ac20c,Currants,56.52,1.86,4397,BEVERAGE
2ec124c4-cd31-4de6-ae32-d60f95409a0e,"Crab - Claws, 26 - 30",14.19,11.22,3345,MAIN_DISH
c6e382ae-f056-44c6-858e-c7efb4943d6b,Dooleys Toffee,26.76,19.64,2729,SOUP
aedf97f8-3dff-4c07-a211-61392a66d10c,Soup Campbells - Italian Wedding,35.98,5.28,4807,BEVERAGE
0389a67a-b2b8-4e05-9c87-d60427497a92,Maple Syrup,50.92,4.66,2244,BEVERAGE
b9057857-b116-413b-925c-c50db2053f11,English Muffin,15.82,14.49,987,MAIN_DISH
9ee01fa4-1b58-4c22-a695-ee046138564d,Wheat - Soft Kernal Of Wheat,35.59,19.61,1155,SOUP
8324d89a-273f-476f-a52a-0338e128b9db,Chicken - Wieners,48.89,0.71,3040,SOUP
f8e245c7-89f0-48e0-9b4e-5e4ee0d4a214,"Appetizer - Spring Roll, Veg",25.21,16.43,178,MAIN_DISH
57ce1f18-b6a9-4d13-a292-4e07033c235c,"Chocolate - Semi Sweet, Calets",39.57,13.79,3273,BEVERAGE
7b4448e1-23ca-4992-9dee-45755c39fdda,Tart - Lemon,3.25,2.93,1605,SIDE_DISH
2a32979a-a07d-4c41-92fd-48203b4d9fb0,Sauce - Sesame Thai Dressing,36.1,3.01,1132,BEVERAGE
fd467f0e-810f-4f83-9dba-ac6a9d4fe3b2,Pur Source,51.53,18.12,330,BEVERAGE
a9040f69-9dc6-43e5-83d4-a0b8ff16f9f1,"Coconut - Creamed, Pure",40.32,1.79,540,MAIN_DISH
b3792433-7cdb-422f-9ed5-b78764c0e974,Hot Chocolate - Individual,17.91,17.59,1111,SOUP
1158fedb-af2f-460d-bc3e-10326aa73ed2,Arctic Char - Fillets,51.04,7.28,4870,SOUP
079deb19-dd7b-4927-90f4-55a9275d275c,Cookies - Englishbay Oatmeal,22.19,10.75,4877,SIDE_DISH
906bfb6f-e27e-4022-8846-cadebed3f835,Ezy Change Mophandle,54.49,4.6,2034,BEVERAGE
5e705c98-c085-48a0-ba51-c6298a3b4442,Ecolab - Medallion,59.22,9.49,891,SIDE_DISH
cc759a4e-ab44-4c8a-9b5f-86889a2a2cc2,Wine - Domaine Boyar Royal,23.94,12.85,1463,SOUP
4179440a-2f55-4821-863b-3dabe6d974c8,Rhubarb,28.94,1.39,1237,SIDE_DISH
31f6cefe-2f77-4a99-86a9-076aca681883,Tart - Butter Plain Squares,0.42,5.82,2690,SOUP
796c1c46-cd0d-4c7d-8571-257bdff3e984,"Wine - White, Lindemans Bin 95",27.08,16.34,217,MAIN_DISH
574d7323-eab5-4ab2-b2d4-f1bc2a980bfb,Emulsifier,50.15,6.26,1222,SOUP
76c3147a-c488-4942-89e7-0f0c85b9ece1,Duck - Breast,55.15,5.55,1943,MAIN_DISH
4a152aed-cec9-494a-b028-6c17ad37b146,"Juice - Cranberry, 341 Ml",19.98,8.16,4949,BEVERAGE
23614993-4ad4-4f57-afcd-dd2d2ba6026f,Chef's Bacon Sandwich
c3a3e64d-3280-4c02-a6a1-1d74868fe478,"Bread - Crumbs, Bulk",20.97,4.66,1460,SOUP
97f16e6e-cb73-4519-9c98-2844919bc86b,Fond - Chocolate,22.5,8.33,2373,BEVERAGE
62cd3379-de9a-45ae-b2d1-6d96b3e7c700,"Sauce - Black Current, Dry Mix",55.96,12.47,2000,MAIN_DISH
d1342fc9-5692-441a-b173-1787181e79ea,"Mop Head - Cotton, 24 Oz",53.13,0.41,2483,BEVERAGE
6025e3eb-3d78-4ce8-9d7f-97007e8e6ffc,"Fish - Scallops, Cold Smoked",46.48,7.49,3017,MAIN_DISH
87197a26-0258-4e75-8ad2-1b692cd3ec85,Sweet Pea Sprouts,16.31,15.5,4070,SOUP
a609bfb6-3f44-4272-baab-ea3303144a3c,Lemon Pepper,17.96,17.76,4415,MAIN_DISH
8664cd7f-1b19-41ca-973b-12b9e881389b,The Pop Shoppe - Lime Rickey,7.7,6.34,36,SIDE_DISH
9b6d1d32-7f74-452f-bc8e-760d3a88d907,Straws - Cocktale,26.25,3.44,551,MAIN_DISH
87b9a120-24d3-4623-875f-ceb192c484b7,Soup - Campbellschix Stew,47.42,16.12,1607,MAIN_DISH
67dc2339-636f-48bb-b783-a3d4ec895e8b,Horseradish - Prepared,41.57,3.83,4719,MAIN_DISH
ce08c494-4a37-4272-90e3-32c746c42a3b,Fuji Apples,47.38,14.58,966,BEVERAGE
b5c37891-12e0-48a3-a919-fba11e2210fb,Glass - Juice Clear 5oz 55005,5.34,7.31,3105,SIDE_DISH
57601358-d02d-491a-bf20-5fe5fe660bd9,Coffee - Decaffeinato Coffee,46.49,1.04,4385,SOUP
a480bbe1-cfe2-4acc-b9a6-25a468de33ad,Skewers - Bamboo,51.47,0.14,1375,BEVERAGE
9af1d47d-a969-47ff-b8c8-5865aad33003,Sprouts - Brussel,43.8,17.39,1284,BEVERAGE
28f6e370-cb42-416e-9b11-08e5fc99a487,"Pasta - Canelloni, Single Serve",15.78,2.73,4129,BEVERAGE
3828b40d-57d1-427c-bf95-8e65003602af,"Wine - White, Cooking",33.8,9.56,3994,MAIN_DISH
e1925e9f-708c-4931-a988-b536347d30e8,Waffle Stix,19.89,14.45,3941,SOUP
fafc7144-6d09-42dd-a484-7ac21e1812db,"Soup - Knorr, Ministrone",53.31,17.73,4588,BEVERAGE
bb752992-593b-4506-930a-879670453e74,Mikes Hard Lemonade,55.39,18.59,399,SIDE_DISH
5b799100-6af4-4897-a28f-f625197bead7,"Wine - White, Schroder And Schyl",56.0,0.91,4420,BEVERAGE
09bbe45a-bb08-4ad5-9658-d14aa5b3e2b8,Beef Tenderloin Aaa,43.19,3.97,2347,SIDE_DISH
68a17e69-e22b-4797-abe4-84a462e89d80,Hot Chocolate - Individual,47.0,5.76,3612,SIDE_DISH
2d4e6310-773a-4049-8797-8cdd4628aaf7,Beef - Texas Style Burger,53.07,18.76,376,SIDE_DISH
9640ce54-a8f9-44f7-8ce6-950b7581d95d,"Pasta - Tortellini, Fresh",29.16,3.55,3205,SOUP
a6dc7ba6-e770-40d5-9b30-1515d8ce7b2c,"Pasta - Lasagna Noodle, Frozen",54.66,5.94,4478,BEVERAGE
3f43861a-a6a5-4731-a097-827661d8d1ec,"Pepper - Paprika, Hungarian",45.38,4.13,4126,MAIN_DISH
83ed560e-3b39-4b29-a713-7fc8ae93ea57,Foil Wrap,53.0,11.97,2492,MAIN_DISH
64fe004b-faa9-4b17-aacb-a3a8c77f7bde,Pea - Snow,49.37,7.03,1382,MAIN_DISH
6bfec90b-d6d4-4f79-aac2-a901e2f266f9,Flour - Semolina,21.72,3.87,252,MAIN_DISH
53e93abd-3580-4d7e-b756-0071d09eeba6,Salt - Seasoned,36.59,2.19,465,MAIN_DISH
e2f87595-54fb-40b4-bb2b-e123dc6b62be,Swiss Chard - Red,37.42,12.21,2536,SIDE_DISH
40ty8oh2-rtr2-nmwc-f6d8-x0imo32p2mx8,Goat - Whole Cut,15.13,11.78,3855,BEVERAGE
cac12271-5340-4fa5-b434-ae9edc0be84c,Mysterious Droppings
a3e2884b-7ae3-46ca-916b-c1b3955f3ab2,"Lettuce - Mini Greens, Whole",46.6,18.93,3339,SIDE_DISH
bedb812d-4fed-40af-ac43-eb6370662624,Island Oasis - Sweet And Sour Mix,58.32,5.32,2347,SOUP
a1bdeae2-9553-4173-a5d2-d7599763eea1,Coffee Beans - Chocolate,51.36,18.05,157,SOUP
5b26d911-2019-41d6-8321-5e94ee6d24ec,Beer - Mcauslan Apricot,56.34,10.9,2019,SOUP
c7ba4eb6-704d-4ba5-88da-1aa8d1ca83b2,Watercress,41.19,4.42,4547,SIDE_DISH
0533e3a5-60f9-4535-a56e-a27a6c52b2e3,Pork Loin Bine - In Frenched,46.52,10.94,1040,BEVERAGE
0574fe3a-1b26-4337-8d62-a00c37eae6af,Lettuce - Sea / Sea Asparagus,52.5,10.15,1533,SIDE_DISH
101c57ff-c6a1-4bfd-9949-a80495b9a883,"Cheese - Cheddar, Medium",52.41,10.29,4344,BEVERAGE
b6b630b5-947a-4c47-893e-02bd29081d76,Bananas,21.44,3.29,2006,MAIN_DISH
fa853385-4852-4ded-bc44-5d0f9b6e508c,Truffle Paste,46.77,2.84,4200,SIDE_DISH
0109d264-2e50-41b7-9fdd-402368edd16b,Artichoke - Fresh,53.13,14.14,1527,BEVERAGE
ed8ea57a-d7ab-4cdb-a665-a19d873b3543,Bag - Clear 7 Lb,23.29,8.94,4274,BEVERAGE
8a2203a6-0b21-4578-b186-8cf3653cfc51,Table Cloth 53x53 White,20.83,2.26,3069,SOUP
6233ad86-a5cb-4a0d-ae4f-6de0a8557817,Pears - Bosc,34.02,0.07,2838,MAIN_DISH
627bf6d5-ffc0-415c-bcce-7c3e0bde4d35,Chicken - Base,59.53,5.1,1696,SOUP
bf8ba8b6-4b83-4a87-b3ad-0b631fa9e769,"Coconut - Creamed, Pure",7.23,4.05,4096,BEVERAGE
a4984f6b-44f6-4f64-b655-d3452809b0a0,Kolrabi,57.43,11.51,2530,MAIN_DISH
76bcb3fc-bdf5-4109-96eb-a825f12f3fa5,Sugar - Fine,50.07,14.74,3167,SIDE_DISH
823b8064-8157-4e43-a781-01f2c825a97a,Bag - Regular Kraft 20 Lb,59.71,9.97,1526,BEVERAGE
b37bd99c-cf28-4538-9d5c-5fee54e4a9f8,Beef Wellington,18.21,5.75,2492,SIDE_DISH
515dae82-ecc2-4bc2-abba-f4f14b92e871,Coffee Swiss Choc Almond,48.0,16.31,1416,BEVERAGE
8288c63f-e4df-4440-b501-7c247d8df4c5,Beans - Wax,56.28,14.68,3980,MAIN_DISH
d308f939-3eac-4f52-9bf5-618b32fbf124,"Mushroom - Chantrelle, Fresh",43.63,7.04,1743,MAIN_DISH
576967af-6dae-45fc-ba3a-48ebdd033270,Cactus Pads,3.24,13.18,2171,BEVERAGE
04c5e87c-0271-4f6a-9a62-9519f33ac0cb,Tea - Grapefruit Green Tea,38.35,6.8,4297,SIDE_DISH
2ec734bd-6673-4b62-b959-0c0245d3665f,Lamb - Bones,4.39,8.28,4011,SIDE_DISH
7d22f127-ab65-4bf0-a88c-1928666237fa,Soup Campbells Mexicali Tortilla,32.77,13.37,127,MAIN_DISH
bc568ae4-5bf0-4afd-af35-9584f6afd5c0,"Bread - White, Unsliced",30.69,13.84,4776,SIDE_DISH
ca9c3846-0a64-4667-81ee-66138a37a081,Bread - Sour Sticks With Onion,48.05,7.43,2973,MAIN_DISH
eb979d74-811f-441e-bc04-1ef7be97620f,"Basil - Primerba, Paste",41.87,0.56,461,SOUP
b8237809-dcbf-4618-b751-14f172f89076,Wine - Magnotta - Cab Franc,11.74,19.68,2131,MAIN_DISH
22eb8b8a-2c31-4451-bf2e-75c1445e7383,Sprouts - Alfalfa,31.15,2.69,3871,SOUP
4bf8f02a-524f-4d48-a522-a8fc7873499e,Melon - Cantaloupe,48.05,13.12,4882,SOUP
892c3876-ddac-466f-929e-b7a4422066b9,Chicken Thigh - Bone Out,16.23,4.48,2055,MAIN_DISH
378a46b3-d911-4992-9142-8a4ab0dea607,Plasticspoonblack,0.92,16.13,962,MAIN_DISH
6d9dd7d2-f99e-41b3-a55d-3de9cfb46734,Containter - 3oz Microwave Rect.,12.79,11.95,3595,SOUP
4ac31581-fe1b-4839-a758-388807a7223e,Creme De Menthe Green,45.66,1.16,4293,SOUP
861524c8-837e-4a52-8be8-606826981ff6,Lettuce - Arugula,12.57,14.86,4951,SOUP
24236b2d-9291-44e5-8f65-d6c43e459df3,Sachet,49.25,15.06,3871,MAIN_DISH
5ee0d5e7-af5b-4fc6-87aa-ccac7da2ae97,Olives - Kalamata,12.12,9.51,4735,SIDE_DISH
282c09d6-1f17-43be-aa15-c8a5657e7d8d,Icecream Bar - Del Monte,15.37,4.73,3340,MAIN_DISH
2fe3212d-b6dd-41e7-a69a-5005e58e7d53,Onions - Vidalia,24.19,0.24,1184,MAIN_DISH
2cbc6cd9-03c3-4907-8faa-030688c945f6,"Tomatoes - Cherry, Yellow",32.5,19.46,4592,BEVERAGE
1c24b296-a420-4f39-92da-cfd44897dce0,"Butter - Salted, Micro",2.73,0.98,1654,SIDE_DISH
80dde68e-991d-418a-8cae-6ab5cd9a0078,Dill Weed - Fresh,33.95,5.27,374,MAIN_DISH
b10ed744-8fc6-444c-ae0d-362111b3aa4f,"Salmon - Atlantic, No Skin",10.77,10.34,1679,MAIN_DISH
9ed06a85-ee02-4061-b6bf-edfb205c9322,Bread - Olive,48.08,19.52,3741,SOUP
f68f5ef7-c781-4ec0-b961-259f80119318,"Fish - Base, Bouillion",11.38,0.0,4846,SIDE_DISH
b5970c7c-eae6-41fe-95a0-e7791a3105ca,Apricots - Halves,14.06,9.44,762,MAIN_DISH
97888a25-92a8-4391-813f-60c50e32aa16,Salt - Kosher,49.73,9.69,4856,SOUP
ca6de266-876e-4126-be29-9040b2951a82,Creme De Menthe Green,2.84,4.91,3951,SIDE_DISH
5345d0a5-d5da-402d-8c01-2d627b976329,Ecolab - Hand Soap Form Antibac,8.88,1.78,4310,BEVERAGE
09962478-4cab-4229-b41a-c3f52c8c009f,"Beans - Black Bean, Dry",36.87,15.1,3886,MAIN_DISH
b91f8f26-a978-4ebb-9641-93409968886a,Sugar - Monocystal / Rock,26.48,19.84,4459,SIDE_DISH
2505f798-d737-4f12-9f3e-73dbc3bc1ee6,Pork Ham Prager,1.18,17.2,4386,SOUP
4aef33e0-1b1a-4c6d-bb42-da1079f00be2,"Stock - Chicken, White",33.95,9.38,2798,BEVERAGE
3a482225-95e7-44eb-acf1-3cc2985a03d5,"Fish - Base, Bouillion",16.18,10.43,4215,BEVERAGE
ac219087-8a48-42df-94dd-c46aeba1f595,Cheese - Grie Des Champ,11.43,15.88,928,SOUP
4d8df643-cce7-4e3e-bb52-f7a4e89028b7,Island Oasis - Magarita Mix,25.92,10.47,2458,SOUP
00f3f796-5417-47ea-9bff-e5b7f780b00e,Pepper - Red Bell,55.52,3.65,2954,SIDE_DISH
1ae386e7-bc76-4994-929b-758a0bb00452,Muffin Puck Ww Carrot,12.96,17.35,4881,MAIN_DISH
0860ee97-35aa-45c5-bfe4-dcb01324dd01,Galliano,1.71,1.98,34,BEVERAGE
976c8b66-5ddf-4e92-8255-aeb267c3fce7,"Soup - Campbells, Cream Of",13.57,12.53,469,BEVERAGE
9e3c405e-2468-4dab-8c45-7fdbddbbc761,Lamb Rack - Ontario,16.22,9.11,958,SOUP
32eb2d88-b3e3-4586-a98a-ecdc1b1315cc,Bread - Crusty Italian Poly,33.2,11.73,3646,SOUP
e591cf6a-60b2-4605-ac07-2126b9cea10e,Lemonade - Pineapple Passion,22.37,0.47,674,SIDE_DISH
3e3eb441-bfc5-47a4-9396-6d1fa5d02e0b,Tomatoes - Hot House,46.92,15.52,1788,MAIN_DISH
a45792a8-e18a-43de-be2d-8f7bf4ad5f26,Wine - Hardys Bankside Shiraz,51.31,5.63,4535,BEVERAGE
9cd41e20-a8e2-4e12-bba8-11dbdd1ec97e,"Soup - French Onion, Dry",28.6,0.88,4146,BEVERAGE
7a72786f-37d1-4211-83c1-14755c6c6237,Vinegar - Rice,18.75,17.71,4191,SOUP
be11d9f5-b46f-49b9-9749-bf3d8b6c41a8,V8 Pet,5.26,18.75,1286,SOUP
d5658520-1fb9-4d00-b28a-b3edd5c016c4,"Nut - Walnut, Pieces",19.06,14.63,4270,MAIN_DISH
89f76742-fd74-402c-a1f3-a83fde4e067c,Coffee - Cafe Moreno,52.77,3.23,2030,SOUP
dd5baf0b-f4bc-4aff-8100-d9714d4c3073,Veal - Sweetbread,51.38,9.34,1075,BEVERAGE
f0248ac6-b295-4b2c-975c-251f38768908,Cornish Hen,3.42,13.83,4031,SIDE_DISH
13cd3abb-1144-4d00-9aee-f221bd074020,Sunflower Seed Raw,37.14,14.36,2989,SOUP
76ef497d-ba59-404b-8526-5e411b66ae3f,"Juice - Orange, 341 Ml",48.6,10.16,3144,MAIN_DISH
4a81c15a-cfae-43da-8d1d-b54eaeaaa7c7,Compound - Pear,57.53,10.63,289,SOUP
9029f46a-0b97-41c4-9c93-c3e86fd2bff9,Table Cloth 120 Round White,3.06,17.0,2643,SIDE_DISH
6b724905-c7b4-424f-a6ba-f0dba56e90ab,"Noodles - Cellophane, Thin",36.99,14.54,2268,MAIN_DISH
e6ce7f57-c203-4144-8037-017f21b5988e,Pork - Sausage Casing,21.57,8.38,3170,BEVERAGE
d7bbafde-a9a4-4473-9c2b-e5584890c47f,Veal - Provimi Inside,6.67,0.49,4657,SIDE_DISH
0a1c3d25-5ef6-4511-bb47-6a8625fe842f,Sambuca - Opal Nera,0.74,11.96,1629,SOUP
26e868b0-80f0-4220-96a4-6fed69572d77,Pork - Bones,32.39,4.59,2502,BEVERAGE
0fdef3ab-d098-4aaa-aabc-f17244ae759d,Flour - Pastry,42.19,5.08,2250,SIDE_DISH
17b4e137-3626-4975-8556-1c3530cefce1,Peas - Frozen,57.05,5.41,492,SOUP
bc582f85-3808-47c0-9f82-1b3122e4db68,Shrimp - 150 - 250,46.21,18.44,4190,SIDE_DISH
cef1a306-1d43-4355-b1f4-ba838846ef22,Towel Multifold,22.64,3.21,4260,BEVERAGE
0911077e-aae3-4d0f-94f1-2d409829f46d,Tart - Raisin And Pecan,13.91,11.01,4677,BEVERAGE
8c223108-5ef1-4fdc-b08c-6a37f381cd5c,Pickles - Gherkins,13.4,4.61,1751,SIDE_DISH
950ae8d6-9ea2-4746-ba75-ad62ce56abeb,Blueberries,40.0,10.21,3785,SOUP
d2ff1e2c-0b12-4f52-9056-d793297af2f9,Absolut Citron,33.03,13.27,617,SIDE_DISH
9a7efd6e-68ba-46fc-9cf0-4ed4a248a1f0,Veal - Provimi Inside,8.18,2.88,175,SIDE_DISH
4b301fc6-6563-4d95-ad76-ba4fa22e4b04,Devy Jone's Brownies,38.11,1.03,905,SIDE_DISH
5cdb2acd-c26f-44c4-a097-03511c30c928,Syrup - Monin - Passion Fruit,15.09,10.71,4966,BEVERAGE
635bfe7b-421f-4020-9429-c386ba599677,Bar Bran Honey Nut,9.42,4.39,523,BEVERAGE
3275d8e7-4e5c-4aea-ad14-188f9be2826a,Ice Cream Bar - Oreo Cone,43.0,7.94,178,BEVERAGE
17d0263b-7b9a-43b4-b155-0e806b1d3e33,Nantuket Peach Orange,25.15,13.09,2631,MAIN_DISH
b6fea222-e6fa-4cf8-afa4-04d3d3b8e2ed,Chicken - White Meat With Tender,10.88,16.46,3585,SIDE_DISH
e378a776-a4f6-4c94-a139-b40199695fe0,Vodka - Moskovskaya,54.63,1.02,4285,MAIN_DISH
5cdd38c6-345c-45eb-97ff-b6dc3eff0973,Container - Clear 16 Oz,13.73,8.62,2891,SIDE_DISH
634e6737-3216-4710-8a2c-1a6dbd87a96f,Bread - Italian Sesame Poly,7.97,14.67,2450,SOUP
605816a0-7b8a-41c4-a52a-8cca781178eb,Stainless Steel Cleaner Vision,35.44,16.26,4556,BEVERAGE
b0311a29-3c03-4c3b-a176-e1178033cf2a,Sprouts - Brussel,2.96,1.52,1144,SOUP
92d7531e-f36c-46e7-be92-7fcef674d847,Emulsifier,52.08,10.03,1027,MAIN_DISH
dc337a43-c30e-48ca-9dbf-55e235151936,Wine - Barolo Fontanafredda,30.14,19.24,2696,SOUP
e1941957-1066-41b7-aee4-afe3a783b70e,Cheese - Roquefort Pappillon,4.76,1.13,3578,SOUP
34be211e-0ffb-4be8-ab78-5aade73c4f53,"Wine - White, Riesling, Semi - Dry",48.91,1.44,2956,SIDE_DISH
3e9785f6-5c9d-4aaf-bf8d-0d504d30b12a,Clams - Canned,5.13,1.49,1785,BEVERAGE
edd6f00b-e474-48d7-80ac-f1bd95e420b6,Bagels Poppyseed,28.31,18.35,2433,SOUP
c059ea5a-4e3d-4d62-a415-a1ec86a659d9,Rice - Long Grain,43.01,14.82,1357,MAIN_DISH
94c6ab2b-bedc-4f95-89e6-8f309202b165,Pasta - Angel Hair,9.72,4.68,439,BEVERAGE
e819d791-78c6-4323-b0e3-3618c8c9b5b9,Tea - Jasmin Green,44.81,16.75,3199,SIDE_DISH
ef080157-ace8-4a5c-b404-1e48bc7281e6,Mushroom - Chanterelle Frozen,56.77,8.94,977,BEVERAGE
224649d5-8640-4d91-ab20-7a024d621d73,"Beef - Ground, Extra Lean, Fresh",30.77,9.9,2517,MAIN_DISH
b3e27c50-c9c8-4933-abc2-110e962e87f2,Pastry - Apple Muffins - Mini,47.96,0.55,4426,BEVERAGE
be4eb474-1aa4-4c4f-b457-d0a2eb8ff0fe,Squid - U - 10 Thailand,9.23,15.27,353,SOUP
d292b9ec-389d-4c78-a11e-89a153234703,"Lamb - Pieces, Diced",37.45,18.68,2648,MAIN_DISH
aafef3a2-491b-4e9f-bb9f-7a73a1f6ce50,Chicken - White Meat With Tender,46.23,19.06,4262,BEVERAGE
81f54569-8583-4ff6-9943-862e9919e419,"Soup - French Onion, Dry",39.75,14.4,1224,SIDE_DISH
10378b03-4df8-49d2-8352-2750995bff05,"Lamb - Loin, Trimmed, Boneless",46.31,16.54,355,SOUP
9661b4a7-fb67-452b-9433-e8e6d3193cf3,Chickensplit Half,59.53,17.95,3502,SIDE_DISH
d977287f-663d-41cd-a375-1abc507864c2,Appetizer - Tarragon Chicken,53.17,10.18,3355,BEVERAGE
2450bd30-0f70-485d-b5ab-c37f709aa248,Dry Ice,14.47,6.36,1013,BEVERAGE
323579d1-fc39-4895-a92a-94765f04c061,Butter - Salted,41.44,7.05,106,SOUP
42bf3990-2344-45a1-b1c4-c74ef54a1e5a,Creme De Menthe Green,25.96,9.65,2730,MAIN_DISH
413eef37-e0fc-4434-98d1-1fd832ab0b63,Veal - Sweetbread,41.37,3.91,2917,BEVERAGE
6b13baa7-b3d4-4261-825b-74caf15a632c,"Beef - Tenderlion, Center Cut",29.77,13.56,4745,SIDE_DISH
d734c1a4-9c34-49e8-a0a5-e948d81e3f87,Turkey - Ground. Lean,14.83,2.02,4810,BEVERAGE
ba5b26df-f34b-44fe-b58e-4e8c268b1be5,Peppercorns - Green,16.46,18.53,2797,SIDE_DISH
b5add6b0-aba2-4121-91d0-6ed7a938cc8b,"Bread - Bagels, Mini",24.56,2.27,621,SOUP
964b23c3-0a3e-4144-b32f-8190ce0a2132,Eggplant - Regular,13.87,13.62,1985,SIDE_DISH
1ddb53ea-580a-4ddc-902c-e22705d36524,Bread - Multigrain,43.28,0.69,3413,SOUP
b9f33317-61a2-4f44-81d1-be4b7fafae24,"Vermouth - Sweet, Cinzano",16.76,2.39,922,SIDE_DISH
889acabf-111f-4b29-9c23-3753cc54a347,Lemon Grass,55.67,2.87,2402,MAIN_DISH
99e3095f-5775-41dd-a025-6e90ec294704,Soup - Boston Clam Chowder,3.71,5.81,709,SIDE_DISH
d2dcd13a-2af9-4d25-aef8-7f43b1f02ade,Celery Root,44.68,19.1,253,SIDE_DISH
0d1b4033-7492-4bf2-ac51-2277056baf2b,"Turkey - Whole, Fresh",20.29,7.14,316,SOUP
2a49198a-57bd-4a29-901c-11a1f815380f,"Soup - Campbells, Butternut",2.69,12.04,4076,BEVERAGE
e9b65ec2-9745-4578-89bb-a59800d11588,Crackers - Water,40.1,15.14,4352,BEVERAGE
7cd79f96-a843-4fff-a882-68efce1037b1,Pastry - Butterscotch Baked,54.72,12.97,2686,MAIN_DISH
8d0331a8-7761-4c18-bdd3-ebc6d3d6cfda,Mushroom Morel Fresh,29.84,1.91,3145,SIDE_DISH
608ed25c-771a-49d6-97c3-476e151b7f3e,Island Oasis - Wildberry,17.23,14.49,3470,SOUP
a199da0f-a806-4c82-98ce-30d2270fcf6b,"Tuna - Canned, Flaked, Light",19.65,4.17,3540,BEVERAGE
bc4ae24f-d283-46aa-b684-9877f0b68848,"Croissant, Raw - Mini",36.22,1.9,2262,MAIN_DISH
e7fa1d1f-2195-46d1-a6e6-90b3edde852a,Aspic - Clear,10.67,10.05,3588,BEVERAGE
3659b44a-e302-41d2-9c9a-7348e11cd572,Lychee,35.97,16.93,2343,SIDE_DISH
d166a2aa-7ad7-49ca-8c1c-0008a6aaf567,"Cheese - Havarti, Roasted Garlic",55.93,16.56,3116,BEVERAGE
5b1b80fb-9ca0-4b0d-8faf-a47827b9b4fd,Dc - Sakura Fu,1.83,19.72,2772,SIDE_DISH
3eb68f5c-d6ac-4241-bbfe-0719c22d01d5,Water - Aquafina Vitamin,15.13,1.83,40,MAIN_DISH
015d32ee-68c7-4103-99c2-eb1564b8c832,Lamb Rack - Ontario,9.41,19.36,4736,SOUP
3023d874-3b29-4d2b-8291-03861997a6d1,Canadian Emmenthal,44.33,15.87,4546,BEVERAGE
21db7cf0-5289-4dca-89c1-af86ff2887bc,Vinegar - Cider,14.76,7.63,871,MAIN_DISH
3a24cba6-ac6e-45b3-889a-538b1f6bd592,Longos - Chicken Caeser Salad,44.9,16.09,2411,BEVERAGE
6cac3a48-eedb-41ef-b110-b10cb7b7d384,Pie Shell - 5,46.12,15.56,2640,BEVERAGE
473d3eb3-6b57-48be-9301-014fdc31c039,"Pasta - Tortellini, Fresh",15.52,13.27,1253,SIDE_DISH
6715fa1e-0719-48c3-a25e-0ed705e9d556,"Nut - Hazelnut, Whole",32.48,10.52,4948,SOUP
8745abda-b750-41df-8d29-07bafbdfc6ce,Pickle - Dill,6.04,16.61,4760,SIDE_DISH
00c45b3e-94ba-46c9-8299-d376aae544a0,Beef Tenderloin Aaa,34.03,11.9,2630,SIDE_DISH
d469701a-c6f1-4613-b342-325e8d4b7f8c,"Mushroom - Chantrelle, Fresh",19.65,11.25,33,SOUP
f74e41c9-0dcf-4a1b-93ad-fe4391028bbd,"Juice - Tomato, 10 Oz",13.86,19.36,4905,BEVERAGE
28643cf7-8137-4b07-b07c-a15c3ba207e0,Mushroom - Portebello,36.49,3.96,3645,SOUP
77c72b74-f944-4663-820f-7e3b1e7fe8e1,"Yeast - Fresh, Fleischman",54.66,1.45,2372,MAIN_DISH
05107ccf-1f1d-4218-989a-5881afe0fba8,Wine - Fontanafredda Barolo,7.73,13.93,4432,BEVERAGE
5ca0e3f4-f0f7-4e67-ba61-c80bba213b38,"Mushroom - Shitake, Dry",27.08,8.99,4950,SOUP
5e1e9899-9369-4652-b96f-f8165cbf934f,Soup - Campbellschix Stew,8.94,18.36,4049,SOUP
73f31873-8a48-4750-8552-575bd36fd663,Sauce - Sesame Thai Dressing,39.76,12.95,132,BEVERAGE
a27d6dfd-b254-4dfb-a5b0-931ae68e7015,"Fish - Scallops, Cold Smoked",33.89,9.21,1202,BEVERAGE
6b921d4e-4a1e-4b5d-a132-8ffe111863e7,Milk - Homo,12.16,3.29,2755,SIDE_DISH
44c969f1-8aaa-48ec-80d2-10447dbaff40,Tea - Jasmin Green,44.72,4.05,2748,MAIN_DISH
ad12f04e-590d-4b46-b5f1-2bbcb4604532,Steel Wool S.o.s,18.77,7.21,2457,MAIN_DISH
80a99865-1f37-4fa8-ac16-471de8d5820c,Yucca,32.77,14.21,3394,BEVERAGE
452d70f1-c81b-4caa-aef2-0629cde9f31e,"Red Snapper - Fillet, Skin On",10.12,16.58,3682,MAIN_DISH
5794bfe3-1de3-4c62-88db-94edc8b88d21,Muffins - Assorted,26.44,0.95,952,MAIN_DISH
7b1658ea-0498-4adb-92db-9dd5bb29786f,"Wine - White, Riesling, Semi - Dry",14.58,0.9,4115,BEVERAGE
163af17f-c358-4bd4-9bf2-f21c24c88497,Nestea - Iced Tea,46.82,10.03,3304,MAIN_DISH
646e91b2-1a80-4cea-913f-ccb1bb293fd9,Mudslide,4.71,6.84,4282,MAIN_DISH
08e7dd40-fce4-4a78-a5a3-ba1313d3efe3,Sprouts - China Rose,22.06,19.28,2692,MAIN_DISH
ded73494-321e-4d25-8ddf-2c8060576529,"Yeast - Fresh, Fleischman",17.49,2.97,4060,SIDE_DISH
511a1351-37fc-4601-8a5b-17a6fb5340c0,Butter - Salted,32.51,8.72,1519,SIDE_DISH
a3f2aaf8-c24c-4e7a-8ade-69cc446b1194,External Supplier,3.57,12.83,3701,BEVERAGE
7f8722c5-6957-4f7c-ad52-c8c6e7ea060d,Pie Shells 10,51.27,14.03,4849,MAIN_DISH
3c5f9cb6-dbd5-4548-8ddb-8d0fbe6c3767,Bandage - Finger Cots,19.1,3.7,1653,MAIN_DISH
5589d2b4-e751-4c76-be01-7debb05a8c02,"Pasta - Rotini, Dry",35.72,11.82,4544,SIDE_DISH
142b916c-2b75-49cb-a7fc-70bd7e137eea,Pastry - Key Limepoppy Seed Tea,15.24,12.65,4112,SIDE_DISH
0e798088-dad7-4009-bbfe-0eced1929779,"Mushroom - Chanterelle, Dry",36.48,5.84,3743,SIDE_DISH
2f4717e7-c943-495d-acdf-688fcdfdb80b,Potatoes - Mini White 3 Oz,51.17,4.45,3048,SIDE_DISH
ed6bc5d5-cbfd-4088-99f8-6cac98c2f538,Wine - Cabernet Sauvignon,48.91,18.09,3615,SOUP
f04bcbd7-aa45-47a0-a9d7-fc564748c185,Soup - Campbells Broccoli,51.3,1.64,2533,SIDE_DISH
3a95b53c-35af-47d5-bebb-59e24ab4d7ab,Pork - Bacon Cooked Slcd,25.96,15.09,4811,SOUP
754ff1fa-c9d3-4779-837b-af31957242fc,Coffee - Hazelnut Cream,7.95,4.99,3919,SOUP
57a1545a-59fe-44cb-b041-221b86a6ab02,Muffin - Mix - Strawberry Rhubarb,53.13,14.12,2298,MAIN_DISH
8c364172-2036-4170-aa90-5846de6439c7,"Beans - Kidney, Red Dry",37.56,7.43,2613,BEVERAGE
548063cd-c626-496e-ae8c-c88f15738662,Island Oasis - Cappucino Mix,36.71,6.96,4037,BEVERAGE
97dfeead-6715-437d-99d9-923348dc4a47,Longos - Greek Salad,59.44,3.84,2645,SOUP
92f3291d-32c9-419e-80a5-b55b4a3585a6,Bread - Ciabatta Buns,28.91,11.26,209,SIDE_DISH
df6139a3-6408-4327-9f9a-af35397b8fa0,Wine - Magnotta - Bel Paese White,44.38,0.55,4419,MAIN_DISH
2f5891cf-3070-4d7c-a7fe-27b0ca8443cd,Wine - Rosso Del Veronese Igt,55.75,3.81,1073,MAIN_DISH
522cf78c-9bfb-48e5-a90e-270360bb4bc2,Glove - Cutting,18.5,9.52,1526,SOUP
235f49c5-73a8-4410-b53b-496bb9e492a4,Beef - Salted,52.27,8.69,746,SOUP
c37c4d72-0d96-4a1a-93ab-b5b1b129f8fc,Tuna - Bluefin,42.66,1.94,3314,SIDE_DISH
4fc3e43e-a91c-495c-bcf6-e9bd6af5c824,Flavouring - Orange,39.76,8.54,3264,SIDE_DISH
b27577b9-c688-4b11-8232-c731d0e36e7c,Lamb Rack Frenched Australian,13.62,11.66,5,SIDE_DISH
d51bbde1-ab09-4ee7-83d8-3e35cb214660,Bread - Pita,6.97,17.06,3384,MAIN_DISH
85a5e42f-d4e3-4f24-928b-6b9fb33d8adb,Bread - Malt,49.26,3.94,4827,MAIN_DISH
4e5b0abc-a147-42da-a386-80290844bd94,Longos - Burritos,2.55,8.15,1187,SOUP
bf1849eb-5cdf-4079-955f-e9f002e00e3f,"Chestnuts - Whole,canned",50.71,12.61,4449,MAIN_DISH
be8eedd3-9939-41d8-8c61-b06e65ec6569,Corn Meal,1.34,6.12,2090,BEVERAGE
d503e0e0-c3e2-4a11-af95-8b4175adff7c,Cookie - Dough Variety,42.74,6.69,2408,BEVERAGE
5fc70cdf-ecd7-4cea-8370-8b70e8c44b0e,Brandy - Bar,54.88,8.22,1258,BEVERAGE
c49d9c95-8201-4faa-9357-3c4a6a9f21ae,Wine - Delicato Merlot,8.19,1.25,9,SIDE_DISH
85f1568c-1350-4cf8-bc31-6b94218f93b9,"Beer - Alexander Kieths, Pale Ale",41.99,17.66,852,BEVERAGE
feafc37b-fd07-4fdf-b3c7-31c679fd9bd5,Oil - Macadamia,33.26,11.07,1178,BEVERAGE
ac919cd9-5acc-4d2a-b1ff-fcba40a3d3e3,Bagel - Everything Presliced,43.38,16.2,3451,BEVERAGE
4a992d41-307f-4662-b8f3-947213fc6d38,Blue Curacao - Marie Brizard,13.17,19.28,2490,SIDE_DISH
693d3f45-314f-4ef1-9707-7dd6bd2c1437,Milk Powder,32.66,18.37,2524,BEVERAGE
57137123-36f9-4beb-b89c-e80c8e456e9b,Muffin Hinge - 211n,2.01,18.16,1405,SIDE_DISH
ee854695-b84a-40b3-af24-f64b81839028,Parsley - Dried,44.94,18.2,141,BEVERAGE
3b8f348b-2e9b-48c4-b083-b61f15f30682,Olives - Morracan Dired,12.3,3.28,3732,SOUP
b225b828-ada1-4d62-beea-c7bd69f22ab8,Beer - Rickards Red,36.28,12.82,4679,MAIN_DISH
8d2f4b2b-9390-4ddd-97cf-0b7af92eb6ac,Spinach - Spinach Leaf,35.35,3.85,964,BEVERAGE
94b0564d-ec1c-4083-a17f-4fd2b6441627,Quiche Assorted,24.89,1.29,2318,SOUP
f75bf340-0c33-4e29-8aeb-40b3f50888cd,Coffee - French Vanilla Frothy,49.54,19.69,1224,SIDE_DISH
3fc5a916-dbe3-4345-9487-3c4ce7fd032f,Bar - Granola Trail Mix Fruit Nut,17.72,2.64,1411,MAIN_DISH
dabf7535-23ff-458d-ad97-e9d7acc08a5d,Wine - Two Oceans Sauvignon,33.5,11.31,249,SIDE_DISH
ea69cb66-052d-42a0-a4b1-dd817ce907ad,Spinach - Spinach Leaf,45.88,1.74,3840,SIDE_DISH
268ceb76-ac43-4972-bb48-75639116ec79,Bread - 10 Grain,9.93,8.25,1786,MAIN_DISH
7d43dd64-64fc-4b4a-9b8c-832a8396ca88,Melon - Cantaloupe,36.25,15.55,2277,MAIN_DISH
43aba5be-128f-410e-abe2-b47c798cd665,Foil - 4oz Custard Cup,32.01,2.31,92,BEVERAGE
66a191c4-8e9c-4d2e-bf7a-ac6cd584cd34,Pork - Caul Fat,15.72,9.97,2373,MAIN_DISH
3ce10cde-4952-4a5e-ad1e-62068e5eeb96,"Wine - Mas Chicet Rose, Vintage",37.06,6.57,1924,SOUP
a4256224-4799-4c99-a0bf-d456426a9c1c,"Oil - Truffle, White",4.73,8.71,2468,SOUP
3ecdfab2-9aa2-4343-83a2-286472427518,Lettuce - Spring Mix,2.3,4.54,3504,BEVERAGE
6b9870b5-df79-47c8-bc69-1cde4a8bb53f,Cheese - Shred Cheddar / Mozza,6.99,8.04,3643,MAIN_DISH
d69fe839-ec50-4422-b4eb-63b0ecd70da4,Lettuce - Spring Mix,23.55,0.14,566,SOUP
f37a3326-60aa-4afc-bac2-110730ce88ac,Durian Fruit,7.45,6.55,313,BEVERAGE
c918e3d3-a96c-422d-950f-42fc26b9f6a4,Nori Sea Weed - Gold Label,35.51,1.76,4032,BEVERAGE
f81a20d6-a222-4b0f-a658-013196043d56,Peas Snow,0.33,7.95,2421,BEVERAGE
f8a1653a-0b80-43d1-a7f5-db88aede0485,The Pop Shoppe - Black Cherry,2.12,5.48,1421,MAIN_DISH
75045a43-fab1-41b4-b19d-ce30e0f31406,Beef - Rib Eye Aaa,2.34,19.94,265,SIDE_DISH
0fbfd0a8-104e-4a1b-856b-b3cb5f405bc2,Venison - Denver Leg Boneless,25.74,3.16,1812,BEVERAGE
0b578d10-1c92-43b0-919f-82c5f29c0025,Rabbit - Legs,38.31,12.7,4124,MAIN_DISH
3e5b61ad-972a-4482-91a3-0ad122dc6c52,Sauce - Fish 25 Ozf Bottle,51.71,19.57,13,MAIN_DISH
2b21ddb7-587a-4f19-8f70-33d33ce8f375,Tuna - Salad Premix,1.89,3.54,2057,SIDE_DISH
450af479-f771-4d4a-aa5f-4fa1183efcf5,Gloves - Goldtouch Disposable,46.43,15.7,4069,SOUP
28304530-f2b5-42ee-861e-12b547afdf98,Sauce - Hp,43.24,17.96,2441,MAIN_DISH
bf969246-6038-4356-bf71-9359c2ed23ef,Pepper - Roasted Red,30.09,6.56,4261,MAIN_DISH
ccfbd76a-7975-4f2d-9265-0321bc99d2f0,Pork - Smoked Back Bacon,58.33,2.47,3187,MAIN_DISH
3d52a38f-4619-4929-99d4-ee9213600470,Sugar - Brown,1.79,12.66,834,SIDE_DISH
8b611c38-0970-4953-8790-edcc42e6dec4,Pails With Lids,27.92,10.18,4281,BEVERAGE
50b0dd14-a7c8-44b1-bac7-76caa85ee510,Beer - Camerons Auburn,15.27,13.28,2781,MAIN_DISH
7d12687e-54a3-46ec-8c8c-13ebbd24caae,Garbage Bags - Black,58.12,11.11,1981,MAIN_DISH
fd745cca-0b12-41af-ac2c-7f8068a44f2f,Mudslide,1.54,13.04,2787,SIDE_DISH
44df1ef3-22df-4f25-b8f9-2d4266393446,Salad Dressing,25.54,4.59,91,SOUP
21cd62e8-82af-4f4d-9835-6c344d7ead40,Coffee - Irish Cream,27.78,18.47,1793,SOUP
11cb10cf-97f0-4829-8b9f-02fbec330436,Salmon - Fillets,17.77,8.14,1791,MAIN_DISH
9fc359ed-bc53-4b1a-a4c5-196b29b13a87,Bread - French Stick,47.72,7.5,3019,MAIN_DISH
5837f4cd-15a2-4f07-94bc-531913e6f5d7,"Bread - Rolls, Rye",5.24,3.06,1423,SIDE_DISH
c5203073-5972-488c-acb1-c3018a7604af,Flour - Teff,50.5,16.52,1573,BEVERAGE
c212ac3c-6506-4512-ab46-db4d0a4c1df4,Soup - Base Broth Beef,32.83,1.14,1322,SOUP
91326bb1-c910-4a23-aad8-c5f00797fe46,Foil - Round Foil,24.03,5.05,957,SOUP
4f3e7862-44a7-4b6a-a430-4244e14deebc,Wine - Saint Emilion Calvet,5.66,13.93,4986,BEVERAGE
b188cf80-8543-4bb5-b6b3-01ec7f9c0aa6,Snapple - Iced Tea Peach,43.5,14.62,4247,BEVERAGE
q8vb3bxh-xoa0-4o7x-kxyk-7xp06pwiyeym,Admiral's Bacon Sandwich
y643k6p3-2vjd-fnw2-c8l0-wuoa7q31ocj1
tp855252-m04n-1neb-hh8n-1xe3722nt55p,Party Brownies
f6bm071h-qx1x-va50-i5hf-2f4djict1xxw,Chef's Cheeseburger,0.0,54.0
1nu111xn-76b6-uetj-rv62-dk2ru6hi8hec,Admiral's Bacon Sandwich,0.0,49.0,0
4txwm7v5-f4p6-l50v-q8v5-hw4skue126r2,Chef's Cheeseburger,0.0,53.0,0
867244l6-f3cc-7j17-58x4-tbwrb2gfxc87,Dropp'n Anchor,55.0,49.0,54,SIDE_DISH
